id,gradeKey,pathway,semester,subjectAr,bookType,subjectListStatus,matrixStatus,editionVerified,officialSourceUrl,blocker
jo-kg1-general-syear-kg-developmental-support,kg1,general,year,المنهاج التطوري,support,indexed-pending-nccd,DISCOVERED,no,https://nccd.gov.jo/ar/pages/PublicationsKG,Subject list indexed from Minhaji companion — pending NCCD human verification
jo-kg1-general-syear-kg-developmental-teacher_guide,kg1,general,year,المنهاج التطوري,teacher_guide,indexed-pending-nccd,DISCOVERED,no,https://nccd.gov.jo/ar/pages/PublicationsKG,Subject list indexed from Minhaji companion — pending NCCD human verification
jo-kg1-general-syear-math-student,kg1,general,year,الرياضيات,student,indexed-pending-nccd,DISCOVERED,no,https://nccd.gov.jo/ar/pages/PublicationsKG,Subject list indexed from Minhaji companion — pending NCCD human verification
jo-kg1-general-syear-math-activity,kg1,general,year,الرياضيات,activity,indexed-pending-nccd,DISCOVERED,no,https://nccd.gov.jo/ar/pages/PublicationsKG,Subject list indexed from Minhaji companion — pending NCCD human verification
jo-kg1-general-syear-math-teacher_guide,kg1,general,year,الرياضيات,teacher_guide,indexed-pending-nccd,DISCOVERED,no,https://nccd.gov.jo/ar/pages/PublicationsKG,Subject list indexed from Minhaji companion — pending NCCD human verification
jo-kg1-general-syear-arabic-student,kg1,general,year,اللغة العربية,student,indexed-pending-nccd,DISCOVERED,no,https://nccd.gov.jo/ar/pages/PublicationsKG,Subject list indexed from Minhaji companion — pending NCCD human verification
jo-kg1-general-syear-arabic-activity,kg1,general,year,اللغة العربية,activity,indexed-pending-nccd,DISCOVERED,no,https://nccd.gov.jo/ar/pages/PublicationsKG,Subject list indexed from Minhaji companion — pending NCCD human verification
jo-kg1-general-syear-arabic-teacher_guide,kg1,general,year,اللغة العربية,teacher_guide,indexed-pending-nccd,DISCOVERED,no,https://nccd.gov.jo/ar/pages/PublicationsKG,Subject list indexed from Minhaji companion — pending NCCD human verification
jo-kg1-general-syear-science-student,kg1,general,year,العلوم,student,indexed-pending-nccd,DISCOVERED,no,https://nccd.gov.jo/ar/pages/PublicationsKG,Subject list indexed from Minhaji companion — pending NCCD human verification
jo-kg1-general-syear-science-activity,kg1,general,year,العلوم,activity,indexed-pending-nccd,DISCOVERED,no,https://nccd.gov.jo/ar/pages/PublicationsKG,Subject list indexed from Minhaji companion — pending NCCD human verification
jo-kg1-general-syear-science-teacher_guide,kg1,general,year,العلوم,teacher_guide,indexed-pending-nccd,DISCOVERED,no,https://nccd.gov.jo/ar/pages/PublicationsKG,Subject list indexed from Minhaji companion — pending NCCD human verification
jo-kg2-general-syear-kg-developmental-support,kg2,general,year,المنهاج التطوري,support,indexed-pending-nccd,DISCOVERED,no,https://nccd.gov.jo/ar/pages/PublicationsKG,Subject list indexed from Minhaji companion — pending NCCD human verification
jo-kg2-general-syear-kg-developmental-teacher_guide,kg2,general,year,المنهاج التطوري,teacher_guide,indexed-pending-nccd,DISCOVERED,no,https://nccd.gov.jo/ar/pages/PublicationsKG,Subject list indexed from Minhaji companion — pending NCCD human verification
jo-kg2-general-syear-math-student,kg2,general,year,الرياضيات,student,indexed-pending-nccd,DISCOVERED,no,https://nccd.gov.jo/ar/pages/PublicationsKG,Subject list indexed from Minhaji companion — pending NCCD human verification
jo-kg2-general-syear-math-activity,kg2,general,year,الرياضيات,activity,indexed-pending-nccd,DISCOVERED,no,https://nccd.gov.jo/ar/pages/PublicationsKG,Subject list indexed from Minhaji companion — pending NCCD human verification
jo-kg2-general-syear-math-teacher_guide,kg2,general,year,الرياضيات,teacher_guide,indexed-pending-nccd,DISCOVERED,no,https://nccd.gov.jo/ar/pages/PublicationsKG,Subject list indexed from Minhaji companion — pending NCCD human verification
jo-kg2-general-syear-arabic-student,kg2,general,year,اللغة العربية,student,indexed-pending-nccd,DISCOVERED,no,https://nccd.gov.jo/ar/pages/PublicationsKG,Subject list indexed from Minhaji companion — pending NCCD human verification
jo-kg2-general-syear-arabic-activity,kg2,general,year,اللغة العربية,activity,indexed-pending-nccd,DISCOVERED,no,https://nccd.gov.jo/ar/pages/PublicationsKG,Subject list indexed from Minhaji companion — pending NCCD human verification
jo-kg2-general-syear-arabic-teacher_guide,kg2,general,year,اللغة العربية,teacher_guide,indexed-pending-nccd,DISCOVERED,no,https://nccd.gov.jo/ar/pages/PublicationsKG,Subject list indexed from Minhaji companion — pending NCCD human verification
jo-kg2-general-syear-science-student,kg2,general,year,العلوم,student,indexed-pending-nccd,DISCOVERED,no,https://nccd.gov.jo/ar/pages/PublicationsKG,Subject list indexed from Minhaji companion — pending NCCD human verification
jo-kg2-general-syear-science-activity,kg2,general,year,العلوم,activity,indexed-pending-nccd,DISCOVERED,no,https://nccd.gov.jo/ar/pages/PublicationsKG,Subject list indexed from Minhaji companion — pending NCCD human verification
jo-kg2-general-syear-science-teacher_guide,kg2,general,year,العلوم,teacher_guide,indexed-pending-nccd,DISCOVERED,no,https://nccd.gov.jo/ar/pages/PublicationsKG,Subject list indexed from Minhaji companion — pending NCCD human verification
jo-1-general-s1-arabic-student,1,general,1,اللغة العربية,student,verified,SOURCE_VERIFIED,no,https://www.nccd.gov.jo/ar/pages/TextBooksGrade/68,edition_unverified
jo-1-general-s1-arabic-activity,1,general,1,اللغة العربية,activity,verified,SOURCE_VERIFIED,no,https://www.nccd.gov.jo/ar/pages/TextBooksGrade/68,edition_unverified
jo-1-general-s1-arabic-teacher_guide,1,general,1,اللغة العربية,teacher_guide,verified,SOURCE_VERIFIED,no,https://www.nccd.gov.jo/ar/pages/TextBooksGrade/68,edition_unverified
jo-1-general-s2-arabic-student,1,general,2,اللغة العربية,student,verified,SOURCE_VERIFIED,no,https://www.nccd.gov.jo/ar/pages/TextBooksGrade/68,edition_unverified
jo-1-general-s2-arabic-activity,1,general,2,اللغة العربية,activity,verified,SOURCE_VERIFIED,no,https://www.nccd.gov.jo/ar/pages/TextBooksGrade/68,edition_unverified
jo-1-general-s2-arabic-teacher_guide,1,general,2,اللغة العربية,teacher_guide,verified,SOURCE_VERIFIED,no,https://www.nccd.gov.jo/ar/pages/TextBooksGrade/68,edition_unverified
jo-1-general-s1-english-student,1,general,1,اللغة الإنجليزية,student,verified,SOURCE_VERIFIED,no,https://www.nccd.gov.jo/ar/pages/TextBooksGrade/68,edition_unverified
jo-1-general-s1-english-activity,1,general,1,اللغة الإنجليزية,activity,verified,SOURCE_VERIFIED,no,https://www.nccd.gov.jo/ar/pages/TextBooksGrade/68,edition_unverified
jo-1-general-s1-english-teacher_guide,1,general,1,اللغة الإنجليزية,teacher_guide,verified,SOURCE_VERIFIED,no,https://www.nccd.gov.jo/ar/pages/TextBooksGrade/68,edition_unverified
jo-1-general-s2-english-student,1,general,2,اللغة الإنجليزية,student,verified,SOURCE_VERIFIED,no,https://www.nccd.gov.jo/ar/pages/TextBooksGrade/68,edition_unverified
jo-1-general-s2-english-activity,1,general,2,اللغة الإنجليزية,activity,verified,SOURCE_VERIFIED,no,https://www.nccd.gov.jo/ar/pages/TextBooksGrade/68,edition_unverified
jo-1-general-s2-english-teacher_guide,1,general,2,اللغة الإنجليزية,teacher_guide,verified,SOURCE_VERIFIED,no,https://www.nccd.gov.jo/ar/pages/TextBooksGrade/68,edition_unverified
jo-1-general-s1-math-student,1,general,1,الرياضيات,student,verified,SOURCE_VERIFIED,no,https://www.nccd.gov.jo/ar/pages/TextBooksGrade/68,edition_unverified
jo-1-general-s1-math-activity,1,general,1,الرياضيات,activity,verified,SOURCE_VERIFIED,no,https://www.nccd.gov.jo/ar/pages/TextBooksGrade/68,edition_unverified
jo-1-general-s1-math-teacher_guide,1,general,1,الرياضيات,teacher_guide,verified,SOURCE_VERIFIED,no,https://www.nccd.gov.jo/ar/pages/TextBooksGrade/68,edition_unverified
jo-1-general-s2-math-student,1,general,2,الرياضيات,student,verified,SOURCE_VERIFIED,no,https://www.nccd.gov.jo/ar/pages/TextBooksGrade/68,edition_unverified
jo-1-general-s2-math-activity,1,general,2,الرياضيات,activity,verified,SOURCE_VERIFIED,no,https://www.nccd.gov.jo/ar/pages/TextBooksGrade/68,edition_unverified
jo-1-general-s2-math-teacher_guide,1,general,2,الرياضيات,teacher_guide,verified,SOURCE_VERIFIED,no,https://www.nccd.gov.jo/ar/pages/TextBooksGrade/68,edition_unverified
jo-1-general-s1-science-student,1,general,1,العلوم,student,verified,SOURCE_VERIFIED,no,https://www.nccd.gov.jo/ar/pages/TextBooksGrade/68,edition_unverified
jo-1-general-s1-science-activity,1,general,1,العلوم,activity,verified,SOURCE_VERIFIED,no,https://www.nccd.gov.jo/ar/pages/TextBooksGrade/68,edition_unverified
jo-1-general-s1-science-teacher_guide,1,general,1,العلوم,teacher_guide,verified,SOURCE_VERIFIED,no,https://www.nccd.gov.jo/ar/pages/TextBooksGrade/68,edition_unverified
jo-1-general-s2-science-student,1,general,2,العلوم,student,verified,SOURCE_VERIFIED,no,https://www.nccd.gov.jo/ar/pages/TextBooksGrade/68,edition_unverified
jo-1-general-s2-science-activity,1,general,2,العلوم,activity,verified,SOURCE_VERIFIED,no,https://www.nccd.gov.jo/ar/pages/TextBooksGrade/68,edition_unverified
jo-1-general-s2-science-teacher_guide,1,general,2,العلوم,teacher_guide,verified,SOURCE_VERIFIED,no,https://www.nccd.gov.jo/ar/pages/TextBooksGrade/68,edition_unverified
jo-1-general-s1-islamic-student,1,general,1,التربية الإسلامية,student,verified,SOURCE_VERIFIED,no,https://www.nccd.gov.jo/ar/pages/TextBooksGrade/68,edition_unverified
jo-1-general-s1-islamic-teacher_guide,1,general,1,التربية الإسلامية,teacher_guide,verified,SOURCE_VERIFIED,no,https://www.nccd.gov.jo/ar/pages/TextBooksGrade/68,edition_unverified
jo-1-general-s2-islamic-student,1,general,2,التربية الإسلامية,student,verified,SOURCE_VERIFIED,no,https://www.nccd.gov.jo/ar/pages/TextBooksGrade/68,edition_unverified
jo-1-general-s2-islamic-teacher_guide,1,general,2,التربية الإسلامية,teacher_guide,verified,SOURCE_VERIFIED,no,https://www.nccd.gov.jo/ar/pages/TextBooksGrade/68,edition_unverified
jo-1-general-s1-social-student,1,general,1,الدراسات الاجتماعية,student,verified,SOURCE_VERIFIED,no,https://www.nccd.gov.jo/ar/pages/TextBooksGrade/68,edition_unverified
jo-1-general-s1-social-teacher_guide,1,general,1,الدراسات الاجتماعية,teacher_guide,verified,SOURCE_VERIFIED,no,https://www.nccd.gov.jo/ar/pages/TextBooksGrade/68,edition_unverified
jo-1-general-s2-social-student,1,general,2,الدراسات الاجتماعية,student,verified,SOURCE_VERIFIED,no,https://www.nccd.gov.jo/ar/pages/TextBooksGrade/68,edition_unverified
jo-1-general-s2-social-teacher_guide,1,general,2,الدراسات الاجتماعية,teacher_guide,verified,SOURCE_VERIFIED,no,https://www.nccd.gov.jo/ar/pages/TextBooksGrade/68,edition_unverified
jo-1-general-s1-digital-student,1,general,1,المهارات الرقمية,student,verified,SOURCE_VERIFIED,no,https://www.nccd.gov.jo/ar/pages/TextBooksGrade/68,edition_unverified
jo-1-general-s1-digital-teacher_guide,1,general,1,المهارات الرقمية,teacher_guide,verified,SOURCE_VERIFIED,no,https://www.nccd.gov.jo/ar/pages/TextBooksGrade/68,edition_unverified
jo-1-general-s2-digital-student,1,general,2,المهارات الرقمية,student,verified,SOURCE_VERIFIED,no,https://www.nccd.gov.jo/ar/pages/TextBooksGrade/68,edition_unverified
jo-1-general-s2-digital-teacher_guide,1,general,2,المهارات الرقمية,teacher_guide,verified,SOURCE_VERIFIED,no,https://www.nccd.gov.jo/ar/pages/TextBooksGrade/68,edition_unverified
jo-1-general-s1-pe-student,1,general,1,التربية الرياضية,student,verified,SOURCE_VERIFIED,no,https://www.nccd.gov.jo/ar/pages/TextBooksGrade/68,edition_unverified
jo-1-general-s1-pe-teacher_guide,1,general,1,التربية الرياضية,teacher_guide,verified,SOURCE_VERIFIED,no,https://www.nccd.gov.jo/ar/pages/TextBooksGrade/68,edition_unverified
jo-1-general-s2-pe-student,1,general,2,التربية الرياضية,student,verified,SOURCE_VERIFIED,no,https://www.nccd.gov.jo/ar/pages/TextBooksGrade/68,edition_unverified
jo-1-general-s2-pe-teacher_guide,1,general,2,التربية الرياضية,teacher_guide,verified,SOURCE_VERIFIED,no,https://www.nccd.gov.jo/ar/pages/TextBooksGrade/68,edition_unverified
jo-1-general-s1-arts-student,1,general,1,التربية الفنية والموسيقية والمسرحية,student,verified,SOURCE_VERIFIED,no,https://www.nccd.gov.jo/ar/pages/TextBooksGrade/68,edition_unverified
jo-1-general-s1-arts-teacher_guide,1,general,1,التربية الفنية والموسيقية والمسرحية,teacher_guide,verified,SOURCE_VERIFIED,no,https://www.nccd.gov.jo/ar/pages/TextBooksGrade/68,edition_unverified
jo-1-general-s2-arts-student,1,general,2,التربية الفنية والموسيقية والمسرحية,student,verified,SOURCE_VERIFIED,no,https://www.nccd.gov.jo/ar/pages/TextBooksGrade/68,edition_unverified
jo-1-general-s2-arts-teacher_guide,1,general,2,التربية الفنية والموسيقية والمسرحية,teacher_guide,verified,SOURCE_VERIFIED,no,https://www.nccd.gov.jo/ar/pages/TextBooksGrade/68,edition_unverified
jo-2-general-s1-math-student,2,general,1,الرياضيات,student,indexed-pending-nccd,DISCOVERED,no,https://www.nccd.gov.jo/ar/pages/TextBooksGrade/69,Subject list indexed from Minhaji companion — pending NCCD human verification
jo-2-general-s1-math-activity,2,general,1,الرياضيات,activity,indexed-pending-nccd,DISCOVERED,no,https://www.nccd.gov.jo/ar/pages/TextBooksGrade/69,Subject list indexed from Minhaji companion — pending NCCD human verification
jo-2-general-s1-math-teacher_guide,2,general,1,الرياضيات,teacher_guide,indexed-pending-nccd,DISCOVERED,no,https://www.nccd.gov.jo/ar/pages/TextBooksGrade/69,Subject list indexed from Minhaji companion — pending NCCD human verification
jo-2-general-s2-math-student,2,general,2,الرياضيات,student,indexed-pending-nccd,DISCOVERED,no,https://www.nccd.gov.jo/ar/pages/TextBooksGrade/69,Subject list indexed from Minhaji companion — pending NCCD human verification
jo-2-general-s2-math-activity,2,general,2,الرياضيات,activity,indexed-pending-nccd,DISCOVERED,no,https://www.nccd.gov.jo/ar/pages/TextBooksGrade/69,Subject list indexed from Minhaji companion — pending NCCD human verification
jo-2-general-s2-math-teacher_guide,2,general,2,الرياضيات,teacher_guide,indexed-pending-nccd,DISCOVERED,no,https://www.nccd.gov.jo/ar/pages/TextBooksGrade/69,Subject list indexed from Minhaji companion — pending NCCD human verification
jo-2-general-s1-english-student,2,general,1,اللغة الإنجليزية,student,indexed-pending-nccd,DISCOVERED,no,https://www.nccd.gov.jo/ar/pages/TextBooksGrade/69,Subject list indexed from Minhaji companion — pending NCCD human verification
jo-2-general-s1-english-activity,2,general,1,اللغة الإنجليزية,activity,indexed-pending-nccd,DISCOVERED,no,https://www.nccd.gov.jo/ar/pages/TextBooksGrade/69,Subject list indexed from Minhaji companion — pending NCCD human verification
jo-2-general-s1-english-teacher_guide,2,general,1,اللغة الإنجليزية,teacher_guide,indexed-pending-nccd,DISCOVERED,no,https://www.nccd.gov.jo/ar/pages/TextBooksGrade/69,Subject list indexed from Minhaji companion — pending NCCD human verification
jo-2-general-s2-english-student,2,general,2,اللغة الإنجليزية,student,indexed-pending-nccd,DISCOVERED,no,https://www.nccd.gov.jo/ar/pages/TextBooksGrade/69,Subject list indexed from Minhaji companion — pending NCCD human verification
jo-2-general-s2-english-activity,2,general,2,اللغة الإنجليزية,activity,indexed-pending-nccd,DISCOVERED,no,https://www.nccd.gov.jo/ar/pages/TextBooksGrade/69,Subject list indexed from Minhaji companion — pending NCCD human verification
jo-2-general-s2-english-teacher_guide,2,general,2,اللغة الإنجليزية,teacher_guide,indexed-pending-nccd,DISCOVERED,no,https://www.nccd.gov.jo/ar/pages/TextBooksGrade/69,Subject list indexed from Minhaji companion — pending NCCD human verification
jo-2-general-s1-arabic-student,2,general,1,اللغة العربية,student,indexed-pending-nccd,DISCOVERED,no,https://www.nccd.gov.jo/ar/pages/TextBooksGrade/69,Subject list indexed from Minhaji companion — pending NCCD human verification
jo-2-general-s1-arabic-activity,2,general,1,اللغة العربية,activity,indexed-pending-nccd,DISCOVERED,no,https://www.nccd.gov.jo/ar/pages/TextBooksGrade/69,Subject list indexed from Minhaji companion — pending NCCD human verification
jo-2-general-s1-arabic-teacher_guide,2,general,1,اللغة العربية,teacher_guide,indexed-pending-nccd,DISCOVERED,no,https://www.nccd.gov.jo/ar/pages/TextBooksGrade/69,Subject list indexed from Minhaji companion — pending NCCD human verification
jo-2-general-s2-arabic-student,2,general,2,اللغة العربية,student,indexed-pending-nccd,DISCOVERED,no,https://www.nccd.gov.jo/ar/pages/TextBooksGrade/69,Subject list indexed from Minhaji companion — pending NCCD human verification
jo-2-general-s2-arabic-activity,2,general,2,اللغة العربية,activity,indexed-pending-nccd,DISCOVERED,no,https://www.nccd.gov.jo/ar/pages/TextBooksGrade/69,Subject list indexed from Minhaji companion — pending NCCD human verification
jo-2-general-s2-arabic-teacher_guide,2,general,2,اللغة العربية,teacher_guide,indexed-pending-nccd,DISCOVERED,no,https://www.nccd.gov.jo/ar/pages/TextBooksGrade/69,Subject list indexed from Minhaji companion — pending NCCD human verification
jo-2-general-s1-science-student,2,general,1,العلوم,student,indexed-pending-nccd,DISCOVERED,no,https://www.nccd.gov.jo/ar/pages/TextBooksGrade/69,Subject list indexed from Minhaji companion — pending NCCD human verification
jo-2-general-s1-science-activity,2,general,1,العلوم,activity,indexed-pending-nccd,DISCOVERED,no,https://www.nccd.gov.jo/ar/pages/TextBooksGrade/69,Subject list indexed from Minhaji companion — pending NCCD human verification
jo-2-general-s1-science-teacher_guide,2,general,1,العلوم,teacher_guide,indexed-pending-nccd,DISCOVERED,no,https://www.nccd.gov.jo/ar/pages/TextBooksGrade/69,Subject list indexed from Minhaji companion — pending NCCD human verification
jo-2-general-s2-science-student,2,general,2,العلوم,student,indexed-pending-nccd,DISCOVERED,no,https://www.nccd.gov.jo/ar/pages/TextBooksGrade/69,Subject list indexed from Minhaji companion — pending NCCD human verification
jo-2-general-s2-science-activity,2,general,2,العلوم,activity,indexed-pending-nccd,DISCOVERED,no,https://www.nccd.gov.jo/ar/pages/TextBooksGrade/69,Subject list indexed from Minhaji companion — pending NCCD human verification
jo-2-general-s2-science-teacher_guide,2,general,2,العلوم,teacher_guide,indexed-pending-nccd,DISCOVERED,no,https://www.nccd.gov.jo/ar/pages/TextBooksGrade/69,Subject list indexed from Minhaji companion — pending NCCD human verification
jo-2-general-s1-islamic-student,2,general,1,التربية الإسلامية,student,indexed-pending-nccd,DISCOVERED,no,https://www.nccd.gov.jo/ar/pages/TextBooksGrade/69,Subject list indexed from Minhaji companion — pending NCCD human verification
jo-2-general-s1-islamic-teacher_guide,2,general,1,التربية الإسلامية,teacher_guide,indexed-pending-nccd,DISCOVERED,no,https://www.nccd.gov.jo/ar/pages/TextBooksGrade/69,Subject list indexed from Minhaji companion — pending NCCD human verification
jo-2-general-s2-islamic-student,2,general,2,التربية الإسلامية,student,indexed-pending-nccd,DISCOVERED,no,https://www.nccd.gov.jo/ar/pages/TextBooksGrade/69,Subject list indexed from Minhaji companion — pending NCCD human verification
jo-2-general-s2-islamic-teacher_guide,2,general,2,التربية الإسلامية,teacher_guide,indexed-pending-nccd,DISCOVERED,no,https://www.nccd.gov.jo/ar/pages/TextBooksGrade/69,Subject list indexed from Minhaji companion — pending NCCD human verification
jo-2-general-s1-social-student,2,general,1,الدراسات الاجتماعية,student,indexed-pending-nccd,DISCOVERED,no,https://www.nccd.gov.jo/ar/pages/TextBooksGrade/69,Subject list indexed from Minhaji companion — pending NCCD human verification
jo-2-general-s1-social-teacher_guide,2,general,1,الدراسات الاجتماعية,teacher_guide,indexed-pending-nccd,DISCOVERED,no,https://www.nccd.gov.jo/ar/pages/TextBooksGrade/69,Subject list indexed from Minhaji companion — pending NCCD human verification
jo-2-general-s2-social-student,2,general,2,الدراسات الاجتماعية,student,indexed-pending-nccd,DISCOVERED,no,https://www.nccd.gov.jo/ar/pages/TextBooksGrade/69,Subject list indexed from Minhaji companion — pending NCCD human verification
jo-2-general-s2-social-teacher_guide,2,general,2,الدراسات الاجتماعية,teacher_guide,indexed-pending-nccd,DISCOVERED,no,https://www.nccd.gov.jo/ar/pages/TextBooksGrade/69,Subject list indexed from Minhaji companion — pending NCCD human verification
jo-2-general-s1-digital-student,2,general,1,المهارات الرقمية,student,indexed-pending-nccd,DISCOVERED,no,https://www.nccd.gov.jo/ar/pages/TextBooksGrade/69,Subject list indexed from Minhaji companion — pending NCCD human verification
jo-2-general-s1-digital-teacher_guide,2,general,1,المهارات الرقمية,teacher_guide,indexed-pending-nccd,DISCOVERED,no,https://www.nccd.gov.jo/ar/pages/TextBooksGrade/69,Subject list indexed from Minhaji companion — pending NCCD human verification
jo-2-general-s2-digital-student,2,general,2,المهارات الرقمية,student,indexed-pending-nccd,DISCOVERED,no,https://www.nccd.gov.jo/ar/pages/TextBooksGrade/69,Subject list indexed from Minhaji companion — pending NCCD human verification
jo-2-general-s2-digital-teacher_guide,2,general,2,المهارات الرقمية,teacher_guide,indexed-pending-nccd,DISCOVERED,no,https://www.nccd.gov.jo/ar/pages/TextBooksGrade/69,Subject list indexed from Minhaji companion — pending NCCD human verification
jo-2-general-s1-arts-student,2,general,1,التربية الفنية والموسيقية والمسرحية,student,indexed-pending-nccd,DISCOVERED,no,https://www.nccd.gov.jo/ar/pages/TextBooksGrade/69,Subject list indexed from Minhaji companion — pending NCCD human verification
jo-2-general-s1-arts-teacher_guide,2,general,1,التربية الفنية والموسيقية والمسرحية,teacher_guide,indexed-pending-nccd,DISCOVERED,no,https://www.nccd.gov.jo/ar/pages/TextBooksGrade/69,Subject list indexed from Minhaji companion — pending NCCD human verification
jo-2-general-s2-arts-student,2,general,2,التربية الفنية والموسيقية والمسرحية,student,indexed-pending-nccd,DISCOVERED,no,https://www.nccd.gov.jo/ar/pages/TextBooksGrade/69,Subject list indexed from Minhaji companion — pending NCCD human verification
jo-2-general-s2-arts-teacher_guide,2,general,2,التربية الفنية والموسيقية والمسرحية,teacher_guide,indexed-pending-nccd,DISCOVERED,no,https://www.nccd.gov.jo/ar/pages/TextBooksGrade/69,Subject list indexed from Minhaji companion — pending NCCD human verification
jo-2-general-s1-pe-student,2,general,1,التربية الرياضية,student,indexed-pending-nccd,DISCOVERED,no,https://www.nccd.gov.jo/ar/pages/TextBooksGrade/69,Subject list indexed from Minhaji companion — pending NCCD human verification
jo-2-general-s1-pe-teacher_guide,2,general,1,التربية الرياضية,teacher_guide,indexed-pending-nccd,DISCOVERED,no,https://www.nccd.gov.jo/ar/pages/TextBooksGrade/69,Subject list indexed from Minhaji companion — pending NCCD human verification
jo-2-general-s2-pe-student,2,general,2,التربية الرياضية,student,indexed-pending-nccd,DISCOVERED,no,https://www.nccd.gov.jo/ar/pages/TextBooksGrade/69,Subject list indexed from Minhaji companion — pending NCCD human verification
jo-2-general-s2-pe-teacher_guide,2,general,2,التربية الرياضية,teacher_guide,indexed-pending-nccd,DISCOVERED,no,https://www.nccd.gov.jo/ar/pages/TextBooksGrade/69,Subject list indexed from Minhaji companion — pending NCCD human verification
jo-3-general-s1-math-student,3,general,1,الرياضيات,student,indexed-pending-nccd,DISCOVERED,no,https://www.nccd.gov.jo/ar/pages/TextBooksGrade/70,Subject list indexed from Minhaji companion — pending NCCD human verification
jo-3-general-s1-math-activity,3,general,1,الرياضيات,activity,indexed-pending-nccd,DISCOVERED,no,https://www.nccd.gov.jo/ar/pages/TextBooksGrade/70,Subject list indexed from Minhaji companion — pending NCCD human verification
jo-3-general-s1-math-teacher_guide,3,general,1,الرياضيات,teacher_guide,indexed-pending-nccd,DISCOVERED,no,https://www.nccd.gov.jo/ar/pages/TextBooksGrade/70,Subject list indexed from Minhaji companion — pending NCCD human verification
jo-3-general-s2-math-student,3,general,2,الرياضيات,student,indexed-pending-nccd,DISCOVERED,no,https://www.nccd.gov.jo/ar/pages/TextBooksGrade/70,Subject list indexed from Minhaji companion — pending NCCD human verification
jo-3-general-s2-math-activity,3,general,2,الرياضيات,activity,indexed-pending-nccd,DISCOVERED,no,https://www.nccd.gov.jo/ar/pages/TextBooksGrade/70,Subject list indexed from Minhaji companion — pending NCCD human verification
jo-3-general-s2-math-teacher_guide,3,general,2,الرياضيات,teacher_guide,indexed-pending-nccd,DISCOVERED,no,https://www.nccd.gov.jo/ar/pages/TextBooksGrade/70,Subject list indexed from Minhaji companion — pending NCCD human verification
jo-3-general-s1-english-student,3,general,1,اللغة الإنجليزية,student,indexed-pending-nccd,DISCOVERED,no,https://www.nccd.gov.jo/ar/pages/TextBooksGrade/70,Subject list indexed from Minhaji companion — pending NCCD human verification
jo-3-general-s1-english-activity,3,general,1,اللغة الإنجليزية,activity,indexed-pending-nccd,DISCOVERED,no,https://www.nccd.gov.jo/ar/pages/TextBooksGrade/70,Subject list indexed from Minhaji companion — pending NCCD human verification
jo-3-general-s1-english-teacher_guide,3,general,1,اللغة الإنجليزية,teacher_guide,indexed-pending-nccd,DISCOVERED,no,https://www.nccd.gov.jo/ar/pages/TextBooksGrade/70,Subject list indexed from Minhaji companion — pending NCCD human verification
jo-3-general-s2-english-student,3,general,2,اللغة الإنجليزية,student,indexed-pending-nccd,DISCOVERED,no,https://www.nccd.gov.jo/ar/pages/TextBooksGrade/70,Subject list indexed from Minhaji companion — pending NCCD human verification
jo-3-general-s2-english-activity,3,general,2,اللغة الإنجليزية,activity,indexed-pending-nccd,DISCOVERED,no,https://www.nccd.gov.jo/ar/pages/TextBooksGrade/70,Subject list indexed from Minhaji companion — pending NCCD human verification
jo-3-general-s2-english-teacher_guide,3,general,2,اللغة الإنجليزية,teacher_guide,indexed-pending-nccd,DISCOVERED,no,https://www.nccd.gov.jo/ar/pages/TextBooksGrade/70,Subject list indexed from Minhaji companion — pending NCCD human verification
jo-3-general-s1-arabic-student,3,general,1,اللغة العربية,student,indexed-pending-nccd,DISCOVERED,no,https://www.nccd.gov.jo/ar/pages/TextBooksGrade/70,Subject list indexed from Minhaji companion — pending NCCD human verification
jo-3-general-s1-arabic-activity,3,general,1,اللغة العربية,activity,indexed-pending-nccd,DISCOVERED,no,https://www.nccd.gov.jo/ar/pages/TextBooksGrade/70,Subject list indexed from Minhaji companion — pending NCCD human verification
jo-3-general-s1-arabic-teacher_guide,3,general,1,اللغة العربية,teacher_guide,indexed-pending-nccd,DISCOVERED,no,https://www.nccd.gov.jo/ar/pages/TextBooksGrade/70,Subject list indexed from Minhaji companion — pending NCCD human verification
jo-3-general-s2-arabic-student,3,general,2,اللغة العربية,student,indexed-pending-nccd,DISCOVERED,no,https://www.nccd.gov.jo/ar/pages/TextBooksGrade/70,Subject list indexed from Minhaji companion — pending NCCD human verification
jo-3-general-s2-arabic-activity,3,general,2,اللغة العربية,activity,indexed-pending-nccd,DISCOVERED,no,https://www.nccd.gov.jo/ar/pages/TextBooksGrade/70,Subject list indexed from Minhaji companion — pending NCCD human verification
jo-3-general-s2-arabic-teacher_guide,3,general,2,اللغة العربية,teacher_guide,indexed-pending-nccd,DISCOVERED,no,https://www.nccd.gov.jo/ar/pages/TextBooksGrade/70,Subject list indexed from Minhaji companion — pending NCCD human verification
jo-3-general-s1-science-student,3,general,1,العلوم,student,indexed-pending-nccd,DISCOVERED,no,https://www.nccd.gov.jo/ar/pages/TextBooksGrade/70,Subject list indexed from Minhaji companion — pending NCCD human verification
jo-3-general-s1-science-activity,3,general,1,العلوم,activity,indexed-pending-nccd,DISCOVERED,no,https://www.nccd.gov.jo/ar/pages/TextBooksGrade/70,Subject list indexed from Minhaji companion — pending NCCD human verification
jo-3-general-s1-science-teacher_guide,3,general,1,العلوم,teacher_guide,indexed-pending-nccd,DISCOVERED,no,https://www.nccd.gov.jo/ar/pages/TextBooksGrade/70,Subject list indexed from Minhaji companion — pending NCCD human verification
jo-3-general-s2-science-student,3,general,2,العلوم,student,indexed-pending-nccd,DISCOVERED,no,https://www.nccd.gov.jo/ar/pages/TextBooksGrade/70,Subject list indexed from Minhaji companion — pending NCCD human verification
jo-3-general-s2-science-activity,3,general,2,العلوم,activity,indexed-pending-nccd,DISCOVERED,no,https://www.nccd.gov.jo/ar/pages/TextBooksGrade/70,Subject list indexed from Minhaji companion — pending NCCD human verification
jo-3-general-s2-science-teacher_guide,3,general,2,العلوم,teacher_guide,indexed-pending-nccd,DISCOVERED,no,https://www.nccd.gov.jo/ar/pages/TextBooksGrade/70,Subject list indexed from Minhaji companion — pending NCCD human verification
jo-3-general-s1-islamic-student,3,general,1,التربية الإسلامية,student,indexed-pending-nccd,DISCOVERED,no,https://www.nccd.gov.jo/ar/pages/TextBooksGrade/70,Subject list indexed from Minhaji companion — pending NCCD human verification
jo-3-general-s1-islamic-teacher_guide,3,general,1,التربية الإسلامية,teacher_guide,indexed-pending-nccd,DISCOVERED,no,https://www.nccd.gov.jo/ar/pages/TextBooksGrade/70,Subject list indexed from Minhaji companion — pending NCCD human verification
jo-3-general-s2-islamic-student,3,general,2,التربية الإسلامية,student,indexed-pending-nccd,DISCOVERED,no,https://www.nccd.gov.jo/ar/pages/TextBooksGrade/70,Subject list indexed from Minhaji companion — pending NCCD human verification
jo-3-general-s2-islamic-teacher_guide,3,general,2,التربية الإسلامية,teacher_guide,indexed-pending-nccd,DISCOVERED,no,https://www.nccd.gov.jo/ar/pages/TextBooksGrade/70,Subject list indexed from Minhaji companion — pending NCCD human verification
jo-3-general-s1-social-student,3,general,1,الدراسات الاجتماعية,student,indexed-pending-nccd,DISCOVERED,no,https://www.nccd.gov.jo/ar/pages/TextBooksGrade/70,Subject list indexed from Minhaji companion — pending NCCD human verification
jo-3-general-s1-social-teacher_guide,3,general,1,الدراسات الاجتماعية,teacher_guide,indexed-pending-nccd,DISCOVERED,no,https://www.nccd.gov.jo/ar/pages/TextBooksGrade/70,Subject list indexed from Minhaji companion — pending NCCD human verification
jo-3-general-s2-social-student,3,general,2,الدراسات الاجتماعية,student,indexed-pending-nccd,DISCOVERED,no,https://www.nccd.gov.jo/ar/pages/TextBooksGrade/70,Subject list indexed from Minhaji companion — pending NCCD human verification
jo-3-general-s2-social-teacher_guide,3,general,2,الدراسات الاجتماعية,teacher_guide,indexed-pending-nccd,DISCOVERED,no,https://www.nccd.gov.jo/ar/pages/TextBooksGrade/70,Subject list indexed from Minhaji companion — pending NCCD human verification
jo-3-general-s1-digital-student,3,general,1,المهارات الرقمية,student,indexed-pending-nccd,DISCOVERED,no,https://www.nccd.gov.jo/ar/pages/TextBooksGrade/70,Subject list indexed from Minhaji companion — pending NCCD human verification
jo-3-general-s1-digital-teacher_guide,3,general,1,المهارات الرقمية,teacher_guide,indexed-pending-nccd,DISCOVERED,no,https://www.nccd.gov.jo/ar/pages/TextBooksGrade/70,Subject list indexed from Minhaji companion — pending NCCD human verification
jo-3-general-s2-digital-student,3,general,2,المهارات الرقمية,student,indexed-pending-nccd,DISCOVERED,no,https://www.nccd.gov.jo/ar/pages/TextBooksGrade/70,Subject list indexed from Minhaji companion — pending NCCD human verification
jo-3-general-s2-digital-teacher_guide,3,general,2,المهارات الرقمية,teacher_guide,indexed-pending-nccd,DISCOVERED,no,https://www.nccd.gov.jo/ar/pages/TextBooksGrade/70,Subject list indexed from Minhaji companion — pending NCCD human verification
jo-3-general-s1-arts-student,3,general,1,التربية الفنية والموسيقية والمسرحية,student,indexed-pending-nccd,DISCOVERED,no,https://www.nccd.gov.jo/ar/pages/TextBooksGrade/70,Subject list indexed from Minhaji companion — pending NCCD human verification
jo-3-general-s1-arts-teacher_guide,3,general,1,التربية الفنية والموسيقية والمسرحية,teacher_guide,indexed-pending-nccd,DISCOVERED,no,https://www.nccd.gov.jo/ar/pages/TextBooksGrade/70,Subject list indexed from Minhaji companion — pending NCCD human verification
jo-3-general-s2-arts-student,3,general,2,التربية الفنية والموسيقية والمسرحية,student,indexed-pending-nccd,DISCOVERED,no,https://www.nccd.gov.jo/ar/pages/TextBooksGrade/70,Subject list indexed from Minhaji companion — pending NCCD human verification
jo-3-general-s2-arts-teacher_guide,3,general,2,التربية الفنية والموسيقية والمسرحية,teacher_guide,indexed-pending-nccd,DISCOVERED,no,https://www.nccd.gov.jo/ar/pages/TextBooksGrade/70,Subject list indexed from Minhaji companion — pending NCCD human verification
jo-3-general-s1-pe-student,3,general,1,التربية الرياضية,student,indexed-pending-nccd,DISCOVERED,no,https://www.nccd.gov.jo/ar/pages/TextBooksGrade/70,Subject list indexed from Minhaji companion — pending NCCD human verification
jo-3-general-s1-pe-teacher_guide,3,general,1,التربية الرياضية,teacher_guide,indexed-pending-nccd,DISCOVERED,no,https://www.nccd.gov.jo/ar/pages/TextBooksGrade/70,Subject list indexed from Minhaji companion — pending NCCD human verification
jo-3-general-s2-pe-student,3,general,2,التربية الرياضية,student,indexed-pending-nccd,DISCOVERED,no,https://www.nccd.gov.jo/ar/pages/TextBooksGrade/70,Subject list indexed from Minhaji companion — pending NCCD human verification
jo-3-general-s2-pe-teacher_guide,3,general,2,التربية الرياضية,teacher_guide,indexed-pending-nccd,DISCOVERED,no,https://www.nccd.gov.jo/ar/pages/TextBooksGrade/70,Subject list indexed from Minhaji companion — pending NCCD human verification
jo-4-general-s1-math-student,4,general,1,الرياضيات,student,indexed-pending-nccd,DISCOVERED,no,https://www.nccd.gov.jo/ar/pages/TextBooksGrade/71,Subject list indexed from Minhaji companion — pending NCCD human verification
jo-4-general-s1-math-activity,4,general,1,الرياضيات,activity,indexed-pending-nccd,DISCOVERED,no,https://www.nccd.gov.jo/ar/pages/TextBooksGrade/71,Subject list indexed from Minhaji companion — pending NCCD human verification
jo-4-general-s1-math-teacher_guide,4,general,1,الرياضيات,teacher_guide,indexed-pending-nccd,DISCOVERED,no,https://www.nccd.gov.jo/ar/pages/TextBooksGrade/71,Subject list indexed from Minhaji companion — pending NCCD human verification
jo-4-general-s2-math-student,4,general,2,الرياضيات,student,indexed-pending-nccd,DISCOVERED,no,https://www.nccd.gov.jo/ar/pages/TextBooksGrade/71,Subject list indexed from Minhaji companion — pending NCCD human verification
jo-4-general-s2-math-activity,4,general,2,الرياضيات,activity,indexed-pending-nccd,DISCOVERED,no,https://www.nccd.gov.jo/ar/pages/TextBooksGrade/71,Subject list indexed from Minhaji companion — pending NCCD human verification
jo-4-general-s2-math-teacher_guide,4,general,2,الرياضيات,teacher_guide,indexed-pending-nccd,DISCOVERED,no,https://www.nccd.gov.jo/ar/pages/TextBooksGrade/71,Subject list indexed from Minhaji companion — pending NCCD human verification
jo-4-general-s1-arabic-student,4,general,1,اللغة العربية,student,indexed-pending-nccd,DISCOVERED,no,https://www.nccd.gov.jo/ar/pages/TextBooksGrade/71,Subject list indexed from Minhaji companion — pending NCCD human verification
jo-4-general-s1-arabic-activity,4,general,1,اللغة العربية,activity,indexed-pending-nccd,DISCOVERED,no,https://www.nccd.gov.jo/ar/pages/TextBooksGrade/71,Subject list indexed from Minhaji companion — pending NCCD human verification
jo-4-general-s1-arabic-teacher_guide,4,general,1,اللغة العربية,teacher_guide,indexed-pending-nccd,DISCOVERED,no,https://www.nccd.gov.jo/ar/pages/TextBooksGrade/71,Subject list indexed from Minhaji companion — pending NCCD human verification
jo-4-general-s2-arabic-student,4,general,2,اللغة العربية,student,indexed-pending-nccd,DISCOVERED,no,https://www.nccd.gov.jo/ar/pages/TextBooksGrade/71,Subject list indexed from Minhaji companion — pending NCCD human verification
jo-4-general-s2-arabic-activity,4,general,2,اللغة العربية,activity,indexed-pending-nccd,DISCOVERED,no,https://www.nccd.gov.jo/ar/pages/TextBooksGrade/71,Subject list indexed from Minhaji companion — pending NCCD human verification
jo-4-general-s2-arabic-teacher_guide,4,general,2,اللغة العربية,teacher_guide,indexed-pending-nccd,DISCOVERED,no,https://www.nccd.gov.jo/ar/pages/TextBooksGrade/71,Subject list indexed from Minhaji companion — pending NCCD human verification
jo-4-general-s1-english-student,4,general,1,اللغة الإنجليزية,student,indexed-pending-nccd,DISCOVERED,no,https://www.nccd.gov.jo/ar/pages/TextBooksGrade/71,Subject list indexed from Minhaji companion — pending NCCD human verification
jo-4-general-s1-english-activity,4,general,1,اللغة الإنجليزية,activity,indexed-pending-nccd,DISCOVERED,no,https://www.nccd.gov.jo/ar/pages/TextBooksGrade/71,Subject list indexed from Minhaji companion — pending NCCD human verification
jo-4-general-s1-english-teacher_guide,4,general,1,اللغة الإنجليزية,teacher_guide,indexed-pending-nccd,DISCOVERED,no,https://www.nccd.gov.jo/ar/pages/TextBooksGrade/71,Subject list indexed from Minhaji companion — pending NCCD human verification
jo-4-general-s2-english-student,4,general,2,اللغة الإنجليزية,student,indexed-pending-nccd,DISCOVERED,no,https://www.nccd.gov.jo/ar/pages/TextBooksGrade/71,Subject list indexed from Minhaji companion — pending NCCD human verification
jo-4-general-s2-english-activity,4,general,2,اللغة الإنجليزية,activity,indexed-pending-nccd,DISCOVERED,no,https://www.nccd.gov.jo/ar/pages/TextBooksGrade/71,Subject list indexed from Minhaji companion — pending NCCD human verification
jo-4-general-s2-english-teacher_guide,4,general,2,اللغة الإنجليزية,teacher_guide,indexed-pending-nccd,DISCOVERED,no,https://www.nccd.gov.jo/ar/pages/TextBooksGrade/71,Subject list indexed from Minhaji companion — pending NCCD human verification
jo-4-general-s1-science-student,4,general,1,العلوم,student,indexed-pending-nccd,DISCOVERED,no,https://www.nccd.gov.jo/ar/pages/TextBooksGrade/71,Subject list indexed from Minhaji companion — pending NCCD human verification
jo-4-general-s1-science-activity,4,general,1,العلوم,activity,indexed-pending-nccd,DISCOVERED,no,https://www.nccd.gov.jo/ar/pages/TextBooksGrade/71,Subject list indexed from Minhaji companion — pending NCCD human verification
jo-4-general-s1-science-teacher_guide,4,general,1,العلوم,teacher_guide,indexed-pending-nccd,DISCOVERED,no,https://www.nccd.gov.jo/ar/pages/TextBooksGrade/71,Subject list indexed from Minhaji companion — pending NCCD human verification
jo-4-general-s2-science-student,4,general,2,العلوم,student,indexed-pending-nccd,DISCOVERED,no,https://www.nccd.gov.jo/ar/pages/TextBooksGrade/71,Subject list indexed from Minhaji companion — pending NCCD human verification
jo-4-general-s2-science-activity,4,general,2,العلوم,activity,indexed-pending-nccd,DISCOVERED,no,https://www.nccd.gov.jo/ar/pages/TextBooksGrade/71,Subject list indexed from Minhaji companion — pending NCCD human verification
jo-4-general-s2-science-teacher_guide,4,general,2,العلوم,teacher_guide,indexed-pending-nccd,DISCOVERED,no,https://www.nccd.gov.jo/ar/pages/TextBooksGrade/71,Subject list indexed from Minhaji companion — pending NCCD human verification
jo-4-general-s1-islamic-student,4,general,1,التربية الإسلامية,student,indexed-pending-nccd,DISCOVERED,no,https://www.nccd.gov.jo/ar/pages/TextBooksGrade/71,Subject list indexed from Minhaji companion — pending NCCD human verification
jo-4-general-s1-islamic-teacher_guide,4,general,1,التربية الإسلامية,teacher_guide,indexed-pending-nccd,DISCOVERED,no,https://www.nccd.gov.jo/ar/pages/TextBooksGrade/71,Subject list indexed from Minhaji companion — pending NCCD human verification
jo-4-general-s2-islamic-student,4,general,2,التربية الإسلامية,student,indexed-pending-nccd,DISCOVERED,no,https://www.nccd.gov.jo/ar/pages/TextBooksGrade/71,Subject list indexed from Minhaji companion — pending NCCD human verification
jo-4-general-s2-islamic-teacher_guide,4,general,2,التربية الإسلامية,teacher_guide,indexed-pending-nccd,DISCOVERED,no,https://www.nccd.gov.jo/ar/pages/TextBooksGrade/71,Subject list indexed from Minhaji companion — pending NCCD human verification
jo-4-general-s1-social-student,4,general,1,الدراسات الاجتماعية,student,indexed-pending-nccd,DISCOVERED,no,https://www.nccd.gov.jo/ar/pages/TextBooksGrade/71,Subject list indexed from Minhaji companion — pending NCCD human verification
jo-4-general-s1-social-teacher_guide,4,general,1,الدراسات الاجتماعية,teacher_guide,indexed-pending-nccd,DISCOVERED,no,https://www.nccd.gov.jo/ar/pages/TextBooksGrade/71,Subject list indexed from Minhaji companion — pending NCCD human verification
jo-4-general-s2-social-student,4,general,2,الدراسات الاجتماعية,student,indexed-pending-nccd,DISCOVERED,no,https://www.nccd.gov.jo/ar/pages/TextBooksGrade/71,Subject list indexed from Minhaji companion — pending NCCD human verification
jo-4-general-s2-social-teacher_guide,4,general,2,الدراسات الاجتماعية,teacher_guide,indexed-pending-nccd,DISCOVERED,no,https://www.nccd.gov.jo/ar/pages/TextBooksGrade/71,Subject list indexed from Minhaji companion — pending NCCD human verification
jo-4-general-s1-digital-student,4,general,1,المهارات الرقمية,student,indexed-pending-nccd,DISCOVERED,no,https://www.nccd.gov.jo/ar/pages/TextBooksGrade/71,Subject list indexed from Minhaji companion — pending NCCD human verification
jo-4-general-s1-digital-teacher_guide,4,general,1,المهارات الرقمية,teacher_guide,indexed-pending-nccd,DISCOVERED,no,https://www.nccd.gov.jo/ar/pages/TextBooksGrade/71,Subject list indexed from Minhaji companion — pending NCCD human verification
jo-4-general-s2-digital-student,4,general,2,المهارات الرقمية,student,indexed-pending-nccd,DISCOVERED,no,https://www.nccd.gov.jo/ar/pages/TextBooksGrade/71,Subject list indexed from Minhaji companion — pending NCCD human verification
jo-4-general-s2-digital-teacher_guide,4,general,2,المهارات الرقمية,teacher_guide,indexed-pending-nccd,DISCOVERED,no,https://www.nccd.gov.jo/ar/pages/TextBooksGrade/71,Subject list indexed from Minhaji companion — pending NCCD human verification
jo-4-general-s1-vocational-student,4,general,1,التربية المهنية,student,indexed-pending-nccd,DISCOVERED,no,https://www.nccd.gov.jo/ar/pages/TextBooksGrade/71,Subject list indexed from Minhaji companion — pending NCCD human verification
jo-4-general-s1-vocational-teacher_guide,4,general,1,التربية المهنية,teacher_guide,indexed-pending-nccd,DISCOVERED,no,https://www.nccd.gov.jo/ar/pages/TextBooksGrade/71,Subject list indexed from Minhaji companion — pending NCCD human verification
jo-4-general-s2-vocational-student,4,general,2,التربية المهنية,student,indexed-pending-nccd,DISCOVERED,no,https://www.nccd.gov.jo/ar/pages/TextBooksGrade/71,Subject list indexed from Minhaji companion — pending NCCD human verification
jo-4-general-s2-vocational-teacher_guide,4,general,2,التربية المهنية,teacher_guide,indexed-pending-nccd,DISCOVERED,no,https://www.nccd.gov.jo/ar/pages/TextBooksGrade/71,Subject list indexed from Minhaji companion — pending NCCD human verification
jo-4-general-s1-arts-student,4,general,1,التربية الفنية والموسيقية والمسرحية,student,indexed-pending-nccd,DISCOVERED,no,https://www.nccd.gov.jo/ar/pages/TextBooksGrade/71,Subject list indexed from Minhaji companion — pending NCCD human verification
jo-4-general-s1-arts-teacher_guide,4,general,1,التربية الفنية والموسيقية والمسرحية,teacher_guide,indexed-pending-nccd,DISCOVERED,no,https://www.nccd.gov.jo/ar/pages/TextBooksGrade/71,Subject list indexed from Minhaji companion — pending NCCD human verification
jo-4-general-s2-arts-student,4,general,2,التربية الفنية والموسيقية والمسرحية,student,indexed-pending-nccd,DISCOVERED,no,https://www.nccd.gov.jo/ar/pages/TextBooksGrade/71,Subject list indexed from Minhaji companion — pending NCCD human verification
jo-4-general-s2-arts-teacher_guide,4,general,2,التربية الفنية والموسيقية والمسرحية,teacher_guide,indexed-pending-nccd,DISCOVERED,no,https://www.nccd.gov.jo/ar/pages/TextBooksGrade/71,Subject list indexed from Minhaji companion — pending NCCD human verification
jo-4-general-s1-pe-student,4,general,1,التربية الرياضية,student,indexed-pending-nccd,DISCOVERED,no,https://www.nccd.gov.jo/ar/pages/TextBooksGrade/71,Subject list indexed from Minhaji companion — pending NCCD human verification
jo-4-general-s1-pe-teacher_guide,4,general,1,التربية الرياضية,teacher_guide,indexed-pending-nccd,DISCOVERED,no,https://www.nccd.gov.jo/ar/pages/TextBooksGrade/71,Subject list indexed from Minhaji companion — pending NCCD human verification
jo-4-general-s2-pe-student,4,general,2,التربية الرياضية,student,indexed-pending-nccd,DISCOVERED,no,https://www.nccd.gov.jo/ar/pages/TextBooksGrade/71,Subject list indexed from Minhaji companion — pending NCCD human verification
jo-4-general-s2-pe-teacher_guide,4,general,2,التربية الرياضية,teacher_guide,indexed-pending-nccd,DISCOVERED,no,https://www.nccd.gov.jo/ar/pages/TextBooksGrade/71,Subject list indexed from Minhaji companion — pending NCCD human verification
jo-5-general-s1-math-student,5,general,1,الرياضيات,student,indexed-pending-nccd,DISCOVERED,no,https://www.nccd.gov.jo/ar/pages/TextBooksGrade/72,Subject list indexed from Minhaji companion — pending NCCD human verification
jo-5-general-s1-math-activity,5,general,1,الرياضيات,activity,indexed-pending-nccd,DISCOVERED,no,https://www.nccd.gov.jo/ar/pages/TextBooksGrade/72,Subject list indexed from Minhaji companion — pending NCCD human verification
jo-5-general-s1-math-teacher_guide,5,general,1,الرياضيات,teacher_guide,indexed-pending-nccd,DISCOVERED,no,https://www.nccd.gov.jo/ar/pages/TextBooksGrade/72,Subject list indexed from Minhaji companion — pending NCCD human verification
jo-5-general-s2-math-student,5,general,2,الرياضيات,student,indexed-pending-nccd,DISCOVERED,no,https://www.nccd.gov.jo/ar/pages/TextBooksGrade/72,Subject list indexed from Minhaji companion — pending NCCD human verification
jo-5-general-s2-math-activity,5,general,2,الرياضيات,activity,indexed-pending-nccd,DISCOVERED,no,https://www.nccd.gov.jo/ar/pages/TextBooksGrade/72,Subject list indexed from Minhaji companion — pending NCCD human verification
jo-5-general-s2-math-teacher_guide,5,general,2,الرياضيات,teacher_guide,indexed-pending-nccd,DISCOVERED,no,https://www.nccd.gov.jo/ar/pages/TextBooksGrade/72,Subject list indexed from Minhaji companion — pending NCCD human verification
jo-5-general-s1-arabic-student,5,general,1,اللغة العربية,student,indexed-pending-nccd,DISCOVERED,no,https://www.nccd.gov.jo/ar/pages/TextBooksGrade/72,Subject list indexed from Minhaji companion — pending NCCD human verification
jo-5-general-s1-arabic-activity,5,general,1,اللغة العربية,activity,indexed-pending-nccd,DISCOVERED,no,https://www.nccd.gov.jo/ar/pages/TextBooksGrade/72,Subject list indexed from Minhaji companion — pending NCCD human verification
jo-5-general-s1-arabic-teacher_guide,5,general,1,اللغة العربية,teacher_guide,indexed-pending-nccd,DISCOVERED,no,https://www.nccd.gov.jo/ar/pages/TextBooksGrade/72,Subject list indexed from Minhaji companion — pending NCCD human verification
jo-5-general-s2-arabic-student,5,general,2,اللغة العربية,student,indexed-pending-nccd,DISCOVERED,no,https://www.nccd.gov.jo/ar/pages/TextBooksGrade/72,Subject list indexed from Minhaji companion — pending NCCD human verification
jo-5-general-s2-arabic-activity,5,general,2,اللغة العربية,activity,indexed-pending-nccd,DISCOVERED,no,https://www.nccd.gov.jo/ar/pages/TextBooksGrade/72,Subject list indexed from Minhaji companion — pending NCCD human verification
jo-5-general-s2-arabic-teacher_guide,5,general,2,اللغة العربية,teacher_guide,indexed-pending-nccd,DISCOVERED,no,https://www.nccd.gov.jo/ar/pages/TextBooksGrade/72,Subject list indexed from Minhaji companion — pending NCCD human verification
jo-5-general-s1-english-student,5,general,1,اللغة الإنجليزية,student,indexed-pending-nccd,DISCOVERED,no,https://www.nccd.gov.jo/ar/pages/TextBooksGrade/72,Subject list indexed from Minhaji companion — pending NCCD human verification
jo-5-general-s1-english-activity,5,general,1,اللغة الإنجليزية,activity,indexed-pending-nccd,DISCOVERED,no,https://www.nccd.gov.jo/ar/pages/TextBooksGrade/72,Subject list indexed from Minhaji companion — pending NCCD human verification
jo-5-general-s1-english-teacher_guide,5,general,1,اللغة الإنجليزية,teacher_guide,indexed-pending-nccd,DISCOVERED,no,https://www.nccd.gov.jo/ar/pages/TextBooksGrade/72,Subject list indexed from Minhaji companion — pending NCCD human verification
jo-5-general-s2-english-student,5,general,2,اللغة الإنجليزية,student,indexed-pending-nccd,DISCOVERED,no,https://www.nccd.gov.jo/ar/pages/TextBooksGrade/72,Subject list indexed from Minhaji companion — pending NCCD human verification
jo-5-general-s2-english-activity,5,general,2,اللغة الإنجليزية,activity,indexed-pending-nccd,DISCOVERED,no,https://www.nccd.gov.jo/ar/pages/TextBooksGrade/72,Subject list indexed from Minhaji companion — pending NCCD human verification
jo-5-general-s2-english-teacher_guide,5,general,2,اللغة الإنجليزية,teacher_guide,indexed-pending-nccd,DISCOVERED,no,https://www.nccd.gov.jo/ar/pages/TextBooksGrade/72,Subject list indexed from Minhaji companion — pending NCCD human verification
jo-5-general-s1-science-student,5,general,1,العلوم,student,indexed-pending-nccd,DISCOVERED,no,https://www.nccd.gov.jo/ar/pages/TextBooksGrade/72,Subject list indexed from Minhaji companion — pending NCCD human verification
jo-5-general-s1-science-activity,5,general,1,العلوم,activity,indexed-pending-nccd,DISCOVERED,no,https://www.nccd.gov.jo/ar/pages/TextBooksGrade/72,Subject list indexed from Minhaji companion — pending NCCD human verification
jo-5-general-s1-science-teacher_guide,5,general,1,العلوم,teacher_guide,indexed-pending-nccd,DISCOVERED,no,https://www.nccd.gov.jo/ar/pages/TextBooksGrade/72,Subject list indexed from Minhaji companion — pending NCCD human verification
jo-5-general-s2-science-student,5,general,2,العلوم,student,indexed-pending-nccd,DISCOVERED,no,https://www.nccd.gov.jo/ar/pages/TextBooksGrade/72,Subject list indexed from Minhaji companion — pending NCCD human verification
jo-5-general-s2-science-activity,5,general,2,العلوم,activity,indexed-pending-nccd,DISCOVERED,no,https://www.nccd.gov.jo/ar/pages/TextBooksGrade/72,Subject list indexed from Minhaji companion — pending NCCD human verification
jo-5-general-s2-science-teacher_guide,5,general,2,العلوم,teacher_guide,indexed-pending-nccd,DISCOVERED,no,https://www.nccd.gov.jo/ar/pages/TextBooksGrade/72,Subject list indexed from Minhaji companion — pending NCCD human verification
jo-5-general-s1-islamic-student,5,general,1,التربية الإسلامية,student,indexed-pending-nccd,DISCOVERED,no,https://www.nccd.gov.jo/ar/pages/TextBooksGrade/72,Subject list indexed from Minhaji companion — pending NCCD human verification
jo-5-general-s1-islamic-teacher_guide,5,general,1,التربية الإسلامية,teacher_guide,indexed-pending-nccd,DISCOVERED,no,https://www.nccd.gov.jo/ar/pages/TextBooksGrade/72,Subject list indexed from Minhaji companion — pending NCCD human verification
jo-5-general-s2-islamic-student,5,general,2,التربية الإسلامية,student,indexed-pending-nccd,DISCOVERED,no,https://www.nccd.gov.jo/ar/pages/TextBooksGrade/72,Subject list indexed from Minhaji companion — pending NCCD human verification
jo-5-general-s2-islamic-teacher_guide,5,general,2,التربية الإسلامية,teacher_guide,indexed-pending-nccd,DISCOVERED,no,https://www.nccd.gov.jo/ar/pages/TextBooksGrade/72,Subject list indexed from Minhaji companion — pending NCCD human verification
jo-5-general-s1-social-student,5,general,1,الدراسات الاجتماعية,student,indexed-pending-nccd,DISCOVERED,no,https://www.nccd.gov.jo/ar/pages/TextBooksGrade/72,Subject list indexed from Minhaji companion — pending NCCD human verification
jo-5-general-s1-social-teacher_guide,5,general,1,الدراسات الاجتماعية,teacher_guide,indexed-pending-nccd,DISCOVERED,no,https://www.nccd.gov.jo/ar/pages/TextBooksGrade/72,Subject list indexed from Minhaji companion — pending NCCD human verification
jo-5-general-s2-social-student,5,general,2,الدراسات الاجتماعية,student,indexed-pending-nccd,DISCOVERED,no,https://www.nccd.gov.jo/ar/pages/TextBooksGrade/72,Subject list indexed from Minhaji companion — pending NCCD human verification
jo-5-general-s2-social-teacher_guide,5,general,2,الدراسات الاجتماعية,teacher_guide,indexed-pending-nccd,DISCOVERED,no,https://www.nccd.gov.jo/ar/pages/TextBooksGrade/72,Subject list indexed from Minhaji companion — pending NCCD human verification
jo-5-general-s1-digital-student,5,general,1,المهارات الرقمية,student,indexed-pending-nccd,DISCOVERED,no,https://www.nccd.gov.jo/ar/pages/TextBooksGrade/72,Subject list indexed from Minhaji companion — pending NCCD human verification
jo-5-general-s1-digital-teacher_guide,5,general,1,المهارات الرقمية,teacher_guide,indexed-pending-nccd,DISCOVERED,no,https://www.nccd.gov.jo/ar/pages/TextBooksGrade/72,Subject list indexed from Minhaji companion — pending NCCD human verification
jo-5-general-s2-digital-student,5,general,2,المهارات الرقمية,student,indexed-pending-nccd,DISCOVERED,no,https://www.nccd.gov.jo/ar/pages/TextBooksGrade/72,Subject list indexed from Minhaji companion — pending NCCD human verification
jo-5-general-s2-digital-teacher_guide,5,general,2,المهارات الرقمية,teacher_guide,indexed-pending-nccd,DISCOVERED,no,https://www.nccd.gov.jo/ar/pages/TextBooksGrade/72,Subject list indexed from Minhaji companion — pending NCCD human verification
jo-5-general-s1-vocational-student,5,general,1,التربية المهنية,student,indexed-pending-nccd,DISCOVERED,no,https://www.nccd.gov.jo/ar/pages/TextBooksGrade/72,Subject list indexed from Minhaji companion — pending NCCD human verification
jo-5-general-s1-vocational-teacher_guide,5,general,1,التربية المهنية,teacher_guide,indexed-pending-nccd,DISCOVERED,no,https://www.nccd.gov.jo/ar/pages/TextBooksGrade/72,Subject list indexed from Minhaji companion — pending NCCD human verification
jo-5-general-s2-vocational-student,5,general,2,التربية المهنية,student,indexed-pending-nccd,DISCOVERED,no,https://www.nccd.gov.jo/ar/pages/TextBooksGrade/72,Subject list indexed from Minhaji companion — pending NCCD human verification
jo-5-general-s2-vocational-teacher_guide,5,general,2,التربية المهنية,teacher_guide,indexed-pending-nccd,DISCOVERED,no,https://www.nccd.gov.jo/ar/pages/TextBooksGrade/72,Subject list indexed from Minhaji companion — pending NCCD human verification
jo-5-general-s1-arts-student,5,general,1,التربية الفنية والموسيقية والمسرحية,student,indexed-pending-nccd,DISCOVERED,no,https://www.nccd.gov.jo/ar/pages/TextBooksGrade/72,Subject list indexed from Minhaji companion — pending NCCD human verification
jo-5-general-s1-arts-teacher_guide,5,general,1,التربية الفنية والموسيقية والمسرحية,teacher_guide,indexed-pending-nccd,DISCOVERED,no,https://www.nccd.gov.jo/ar/pages/TextBooksGrade/72,Subject list indexed from Minhaji companion — pending NCCD human verification
jo-5-general-s2-arts-student,5,general,2,التربية الفنية والموسيقية والمسرحية,student,indexed-pending-nccd,DISCOVERED,no,https://www.nccd.gov.jo/ar/pages/TextBooksGrade/72,Subject list indexed from Minhaji companion — pending NCCD human verification
jo-5-general-s2-arts-teacher_guide,5,general,2,التربية الفنية والموسيقية والمسرحية,teacher_guide,indexed-pending-nccd,DISCOVERED,no,https://www.nccd.gov.jo/ar/pages/TextBooksGrade/72,Subject list indexed from Minhaji companion — pending NCCD human verification
jo-5-general-s1-pe-student,5,general,1,التربية الرياضية,student,indexed-pending-nccd,DISCOVERED,no,https://www.nccd.gov.jo/ar/pages/TextBooksGrade/72,Subject list indexed from Minhaji companion — pending NCCD human verification
jo-5-general-s1-pe-teacher_guide,5,general,1,التربية الرياضية,teacher_guide,indexed-pending-nccd,DISCOVERED,no,https://www.nccd.gov.jo/ar/pages/TextBooksGrade/72,Subject list indexed from Minhaji companion — pending NCCD human verification
jo-5-general-s2-pe-student,5,general,2,التربية الرياضية,student,indexed-pending-nccd,DISCOVERED,no,https://www.nccd.gov.jo/ar/pages/TextBooksGrade/72,Subject list indexed from Minhaji companion — pending NCCD human verification
jo-5-general-s2-pe-teacher_guide,5,general,2,التربية الرياضية,teacher_guide,indexed-pending-nccd,DISCOVERED,no,https://www.nccd.gov.jo/ar/pages/TextBooksGrade/72,Subject list indexed from Minhaji companion — pending NCCD human verification
jo-6-general-s1-math-student,6,general,1,الرياضيات,student,indexed-pending-nccd,DISCOVERED,no,https://www.nccd.gov.jo/ar/pages/TextBooksGrade/73,Subject list indexed from Minhaji companion — pending NCCD human verification
jo-6-general-s1-math-activity,6,general,1,الرياضيات,activity,indexed-pending-nccd,DISCOVERED,no,https://www.nccd.gov.jo/ar/pages/TextBooksGrade/73,Subject list indexed from Minhaji companion — pending NCCD human verification
jo-6-general-s1-math-teacher_guide,6,general,1,الرياضيات,teacher_guide,indexed-pending-nccd,DISCOVERED,no,https://www.nccd.gov.jo/ar/pages/TextBooksGrade/73,Subject list indexed from Minhaji companion — pending NCCD human verification
jo-6-general-s2-math-student,6,general,2,الرياضيات,student,indexed-pending-nccd,DISCOVERED,no,https://www.nccd.gov.jo/ar/pages/TextBooksGrade/73,Subject list indexed from Minhaji companion — pending NCCD human verification
jo-6-general-s2-math-activity,6,general,2,الرياضيات,activity,indexed-pending-nccd,DISCOVERED,no,https://www.nccd.gov.jo/ar/pages/TextBooksGrade/73,Subject list indexed from Minhaji companion — pending NCCD human verification
jo-6-general-s2-math-teacher_guide,6,general,2,الرياضيات,teacher_guide,indexed-pending-nccd,DISCOVERED,no,https://www.nccd.gov.jo/ar/pages/TextBooksGrade/73,Subject list indexed from Minhaji companion — pending NCCD human verification
jo-6-general-s1-english-student,6,general,1,اللغة الإنجليزية,student,indexed-pending-nccd,DISCOVERED,no,https://www.nccd.gov.jo/ar/pages/TextBooksGrade/73,Subject list indexed from Minhaji companion — pending NCCD human verification
jo-6-general-s1-english-activity,6,general,1,اللغة الإنجليزية,activity,indexed-pending-nccd,DISCOVERED,no,https://www.nccd.gov.jo/ar/pages/TextBooksGrade/73,Subject list indexed from Minhaji companion — pending NCCD human verification
jo-6-general-s1-english-teacher_guide,6,general,1,اللغة الإنجليزية,teacher_guide,indexed-pending-nccd,DISCOVERED,no,https://www.nccd.gov.jo/ar/pages/TextBooksGrade/73,Subject list indexed from Minhaji companion — pending NCCD human verification
jo-6-general-s2-english-student,6,general,2,اللغة الإنجليزية,student,indexed-pending-nccd,DISCOVERED,no,https://www.nccd.gov.jo/ar/pages/TextBooksGrade/73,Subject list indexed from Minhaji companion — pending NCCD human verification
jo-6-general-s2-english-activity,6,general,2,اللغة الإنجليزية,activity,indexed-pending-nccd,DISCOVERED,no,https://www.nccd.gov.jo/ar/pages/TextBooksGrade/73,Subject list indexed from Minhaji companion — pending NCCD human verification
jo-6-general-s2-english-teacher_guide,6,general,2,اللغة الإنجليزية,teacher_guide,indexed-pending-nccd,DISCOVERED,no,https://www.nccd.gov.jo/ar/pages/TextBooksGrade/73,Subject list indexed from Minhaji companion — pending NCCD human verification
jo-6-general-s1-arabic-student,6,general,1,اللغة العربية,student,indexed-pending-nccd,DISCOVERED,no,https://www.nccd.gov.jo/ar/pages/TextBooksGrade/73,Subject list indexed from Minhaji companion — pending NCCD human verification
jo-6-general-s1-arabic-activity,6,general,1,اللغة العربية,activity,indexed-pending-nccd,DISCOVERED,no,https://www.nccd.gov.jo/ar/pages/TextBooksGrade/73,Subject list indexed from Minhaji companion — pending NCCD human verification
jo-6-general-s1-arabic-teacher_guide,6,general,1,اللغة العربية,teacher_guide,indexed-pending-nccd,DISCOVERED,no,https://www.nccd.gov.jo/ar/pages/TextBooksGrade/73,Subject list indexed from Minhaji companion — pending NCCD human verification
jo-6-general-s2-arabic-student,6,general,2,اللغة العربية,student,indexed-pending-nccd,DISCOVERED,no,https://www.nccd.gov.jo/ar/pages/TextBooksGrade/73,Subject list indexed from Minhaji companion — pending NCCD human verification
jo-6-general-s2-arabic-activity,6,general,2,اللغة العربية,activity,indexed-pending-nccd,DISCOVERED,no,https://www.nccd.gov.jo/ar/pages/TextBooksGrade/73,Subject list indexed from Minhaji companion — pending NCCD human verification
jo-6-general-s2-arabic-teacher_guide,6,general,2,اللغة العربية,teacher_guide,indexed-pending-nccd,DISCOVERED,no,https://www.nccd.gov.jo/ar/pages/TextBooksGrade/73,Subject list indexed from Minhaji companion — pending NCCD human verification
jo-6-general-s1-science-student,6,general,1,العلوم,student,indexed-pending-nccd,DISCOVERED,no,https://www.nccd.gov.jo/ar/pages/TextBooksGrade/73,Subject list indexed from Minhaji companion — pending NCCD human verification
jo-6-general-s1-science-activity,6,general,1,العلوم,activity,indexed-pending-nccd,DISCOVERED,no,https://www.nccd.gov.jo/ar/pages/TextBooksGrade/73,Subject list indexed from Minhaji companion — pending NCCD human verification
jo-6-general-s1-science-teacher_guide,6,general,1,العلوم,teacher_guide,indexed-pending-nccd,DISCOVERED,no,https://www.nccd.gov.jo/ar/pages/TextBooksGrade/73,Subject list indexed from Minhaji companion — pending NCCD human verification
jo-6-general-s2-science-student,6,general,2,العلوم,student,indexed-pending-nccd,DISCOVERED,no,https://www.nccd.gov.jo/ar/pages/TextBooksGrade/73,Subject list indexed from Minhaji companion — pending NCCD human verification
jo-6-general-s2-science-activity,6,general,2,العلوم,activity,indexed-pending-nccd,DISCOVERED,no,https://www.nccd.gov.jo/ar/pages/TextBooksGrade/73,Subject list indexed from Minhaji companion — pending NCCD human verification
jo-6-general-s2-science-teacher_guide,6,general,2,العلوم,teacher_guide,indexed-pending-nccd,DISCOVERED,no,https://www.nccd.gov.jo/ar/pages/TextBooksGrade/73,Subject list indexed from Minhaji companion — pending NCCD human verification
jo-6-general-s1-islamic-student,6,general,1,التربية الإسلامية,student,indexed-pending-nccd,DISCOVERED,no,https://www.nccd.gov.jo/ar/pages/TextBooksGrade/73,Subject list indexed from Minhaji companion — pending NCCD human verification
jo-6-general-s1-islamic-teacher_guide,6,general,1,التربية الإسلامية,teacher_guide,indexed-pending-nccd,DISCOVERED,no,https://www.nccd.gov.jo/ar/pages/TextBooksGrade/73,Subject list indexed from Minhaji companion — pending NCCD human verification
jo-6-general-s2-islamic-student,6,general,2,التربية الإسلامية,student,indexed-pending-nccd,DISCOVERED,no,https://www.nccd.gov.jo/ar/pages/TextBooksGrade/73,Subject list indexed from Minhaji companion — pending NCCD human verification
jo-6-general-s2-islamic-teacher_guide,6,general,2,التربية الإسلامية,teacher_guide,indexed-pending-nccd,DISCOVERED,no,https://www.nccd.gov.jo/ar/pages/TextBooksGrade/73,Subject list indexed from Minhaji companion — pending NCCD human verification
jo-6-general-s1-social-student,6,general,1,الدراسات الاجتماعية,student,indexed-pending-nccd,DISCOVERED,no,https://www.nccd.gov.jo/ar/pages/TextBooksGrade/73,Subject list indexed from Minhaji companion — pending NCCD human verification
jo-6-general-s1-social-teacher_guide,6,general,1,الدراسات الاجتماعية,teacher_guide,indexed-pending-nccd,DISCOVERED,no,https://www.nccd.gov.jo/ar/pages/TextBooksGrade/73,Subject list indexed from Minhaji companion — pending NCCD human verification
jo-6-general-s2-social-student,6,general,2,الدراسات الاجتماعية,student,indexed-pending-nccd,DISCOVERED,no,https://www.nccd.gov.jo/ar/pages/TextBooksGrade/73,Subject list indexed from Minhaji companion — pending NCCD human verification
jo-6-general-s2-social-teacher_guide,6,general,2,الدراسات الاجتماعية,teacher_guide,indexed-pending-nccd,DISCOVERED,no,https://www.nccd.gov.jo/ar/pages/TextBooksGrade/73,Subject list indexed from Minhaji companion — pending NCCD human verification
jo-6-general-s1-digital-student,6,general,1,المهارات الرقمية,student,indexed-pending-nccd,DISCOVERED,no,https://www.nccd.gov.jo/ar/pages/TextBooksGrade/73,Subject list indexed from Minhaji companion — pending NCCD human verification
jo-6-general-s1-digital-teacher_guide,6,general,1,المهارات الرقمية,teacher_guide,indexed-pending-nccd,DISCOVERED,no,https://www.nccd.gov.jo/ar/pages/TextBooksGrade/73,Subject list indexed from Minhaji companion — pending NCCD human verification
jo-6-general-s2-digital-student,6,general,2,المهارات الرقمية,student,indexed-pending-nccd,DISCOVERED,no,https://www.nccd.gov.jo/ar/pages/TextBooksGrade/73,Subject list indexed from Minhaji companion — pending NCCD human verification
jo-6-general-s2-digital-teacher_guide,6,general,2,المهارات الرقمية,teacher_guide,indexed-pending-nccd,DISCOVERED,no,https://www.nccd.gov.jo/ar/pages/TextBooksGrade/73,Subject list indexed from Minhaji companion — pending NCCD human verification
jo-6-general-s1-vocational-student,6,general,1,التربية المهنية,student,indexed-pending-nccd,DISCOVERED,no,https://www.nccd.gov.jo/ar/pages/TextBooksGrade/73,Subject list indexed from Minhaji companion — pending NCCD human verification
jo-6-general-s1-vocational-teacher_guide,6,general,1,التربية المهنية,teacher_guide,indexed-pending-nccd,DISCOVERED,no,https://www.nccd.gov.jo/ar/pages/TextBooksGrade/73,Subject list indexed from Minhaji companion — pending NCCD human verification
jo-6-general-s2-vocational-student,6,general,2,التربية المهنية,student,indexed-pending-nccd,DISCOVERED,no,https://www.nccd.gov.jo/ar/pages/TextBooksGrade/73,Subject list indexed from Minhaji companion — pending NCCD human verification
jo-6-general-s2-vocational-teacher_guide,6,general,2,التربية المهنية,teacher_guide,indexed-pending-nccd,DISCOVERED,no,https://www.nccd.gov.jo/ar/pages/TextBooksGrade/73,Subject list indexed from Minhaji companion — pending NCCD human verification
jo-6-general-s1-arts-student,6,general,1,التربية الفنية والموسيقية والمسرحية,student,indexed-pending-nccd,DISCOVERED,no,https://www.nccd.gov.jo/ar/pages/TextBooksGrade/73,Subject list indexed from Minhaji companion — pending NCCD human verification
jo-6-general-s1-arts-teacher_guide,6,general,1,التربية الفنية والموسيقية والمسرحية,teacher_guide,indexed-pending-nccd,DISCOVERED,no,https://www.nccd.gov.jo/ar/pages/TextBooksGrade/73,Subject list indexed from Minhaji companion — pending NCCD human verification
jo-6-general-s2-arts-student,6,general,2,التربية الفنية والموسيقية والمسرحية,student,indexed-pending-nccd,DISCOVERED,no,https://www.nccd.gov.jo/ar/pages/TextBooksGrade/73,Subject list indexed from Minhaji companion — pending NCCD human verification
jo-6-general-s2-arts-teacher_guide,6,general,2,التربية الفنية والموسيقية والمسرحية,teacher_guide,indexed-pending-nccd,DISCOVERED,no,https://www.nccd.gov.jo/ar/pages/TextBooksGrade/73,Subject list indexed from Minhaji companion — pending NCCD human verification
jo-6-general-s1-pe-student,6,general,1,التربية الرياضية,student,indexed-pending-nccd,DISCOVERED,no,https://www.nccd.gov.jo/ar/pages/TextBooksGrade/73,Subject list indexed from Minhaji companion — pending NCCD human verification
jo-6-general-s1-pe-teacher_guide,6,general,1,التربية الرياضية,teacher_guide,indexed-pending-nccd,DISCOVERED,no,https://www.nccd.gov.jo/ar/pages/TextBooksGrade/73,Subject list indexed from Minhaji companion — pending NCCD human verification
jo-6-general-s2-pe-student,6,general,2,التربية الرياضية,student,indexed-pending-nccd,DISCOVERED,no,https://www.nccd.gov.jo/ar/pages/TextBooksGrade/73,Subject list indexed from Minhaji companion — pending NCCD human verification
jo-6-general-s2-pe-teacher_guide,6,general,2,التربية الرياضية,teacher_guide,indexed-pending-nccd,DISCOVERED,no,https://www.nccd.gov.jo/ar/pages/TextBooksGrade/73,Subject list indexed from Minhaji companion — pending NCCD human verification
jo-7-general-s1-math-student,7,general,1,الرياضيات,student,indexed-pending-nccd,DISCOVERED,no,https://www.nccd.gov.jo/ar/pages/TextBooksGrade/74,Subject list indexed from Minhaji companion — pending NCCD human verification
jo-7-general-s1-math-activity,7,general,1,الرياضيات,activity,indexed-pending-nccd,DISCOVERED,no,https://www.nccd.gov.jo/ar/pages/TextBooksGrade/74,Subject list indexed from Minhaji companion — pending NCCD human verification
jo-7-general-s1-math-teacher_guide,7,general,1,الرياضيات,teacher_guide,indexed-pending-nccd,DISCOVERED,no,https://www.nccd.gov.jo/ar/pages/TextBooksGrade/74,Subject list indexed from Minhaji companion — pending NCCD human verification
jo-7-general-s2-math-student,7,general,2,الرياضيات,student,indexed-pending-nccd,DISCOVERED,no,https://www.nccd.gov.jo/ar/pages/TextBooksGrade/74,Subject list indexed from Minhaji companion — pending NCCD human verification
jo-7-general-s2-math-activity,7,general,2,الرياضيات,activity,indexed-pending-nccd,DISCOVERED,no,https://www.nccd.gov.jo/ar/pages/TextBooksGrade/74,Subject list indexed from Minhaji companion — pending NCCD human verification
jo-7-general-s2-math-teacher_guide,7,general,2,الرياضيات,teacher_guide,indexed-pending-nccd,DISCOVERED,no,https://www.nccd.gov.jo/ar/pages/TextBooksGrade/74,Subject list indexed from Minhaji companion — pending NCCD human verification
jo-7-general-s1-arabic-student,7,general,1,اللغة العربية,student,indexed-pending-nccd,DISCOVERED,no,https://www.nccd.gov.jo/ar/pages/TextBooksGrade/74,Subject list indexed from Minhaji companion — pending NCCD human verification
jo-7-general-s1-arabic-activity,7,general,1,اللغة العربية,activity,indexed-pending-nccd,DISCOVERED,no,https://www.nccd.gov.jo/ar/pages/TextBooksGrade/74,Subject list indexed from Minhaji companion — pending NCCD human verification
jo-7-general-s1-arabic-teacher_guide,7,general,1,اللغة العربية,teacher_guide,indexed-pending-nccd,DISCOVERED,no,https://www.nccd.gov.jo/ar/pages/TextBooksGrade/74,Subject list indexed from Minhaji companion — pending NCCD human verification
jo-7-general-s2-arabic-student,7,general,2,اللغة العربية,student,indexed-pending-nccd,DISCOVERED,no,https://www.nccd.gov.jo/ar/pages/TextBooksGrade/74,Subject list indexed from Minhaji companion — pending NCCD human verification
jo-7-general-s2-arabic-activity,7,general,2,اللغة العربية,activity,indexed-pending-nccd,DISCOVERED,no,https://www.nccd.gov.jo/ar/pages/TextBooksGrade/74,Subject list indexed from Minhaji companion — pending NCCD human verification
jo-7-general-s2-arabic-teacher_guide,7,general,2,اللغة العربية,teacher_guide,indexed-pending-nccd,DISCOVERED,no,https://www.nccd.gov.jo/ar/pages/TextBooksGrade/74,Subject list indexed from Minhaji companion — pending NCCD human verification
jo-7-general-s1-english-student,7,general,1,اللغة الإنجليزية,student,indexed-pending-nccd,DISCOVERED,no,https://www.nccd.gov.jo/ar/pages/TextBooksGrade/74,Subject list indexed from Minhaji companion — pending NCCD human verification
jo-7-general-s1-english-activity,7,general,1,اللغة الإنجليزية,activity,indexed-pending-nccd,DISCOVERED,no,https://www.nccd.gov.jo/ar/pages/TextBooksGrade/74,Subject list indexed from Minhaji companion — pending NCCD human verification
jo-7-general-s1-english-teacher_guide,7,general,1,اللغة الإنجليزية,teacher_guide,indexed-pending-nccd,DISCOVERED,no,https://www.nccd.gov.jo/ar/pages/TextBooksGrade/74,Subject list indexed from Minhaji companion — pending NCCD human verification
jo-7-general-s2-english-student,7,general,2,اللغة الإنجليزية,student,indexed-pending-nccd,DISCOVERED,no,https://www.nccd.gov.jo/ar/pages/TextBooksGrade/74,Subject list indexed from Minhaji companion — pending NCCD human verification
jo-7-general-s2-english-activity,7,general,2,اللغة الإنجليزية,activity,indexed-pending-nccd,DISCOVERED,no,https://www.nccd.gov.jo/ar/pages/TextBooksGrade/74,Subject list indexed from Minhaji companion — pending NCCD human verification
jo-7-general-s2-english-teacher_guide,7,general,2,اللغة الإنجليزية,teacher_guide,indexed-pending-nccd,DISCOVERED,no,https://www.nccd.gov.jo/ar/pages/TextBooksGrade/74,Subject list indexed from Minhaji companion — pending NCCD human verification
jo-7-general-s1-science-student,7,general,1,العلوم,student,indexed-pending-nccd,DISCOVERED,no,https://www.nccd.gov.jo/ar/pages/TextBooksGrade/74,Subject list indexed from Minhaji companion — pending NCCD human verification
jo-7-general-s1-science-activity,7,general,1,العلوم,activity,indexed-pending-nccd,DISCOVERED,no,https://www.nccd.gov.jo/ar/pages/TextBooksGrade/74,Subject list indexed from Minhaji companion — pending NCCD human verification
jo-7-general-s1-science-teacher_guide,7,general,1,العلوم,teacher_guide,indexed-pending-nccd,DISCOVERED,no,https://www.nccd.gov.jo/ar/pages/TextBooksGrade/74,Subject list indexed from Minhaji companion — pending NCCD human verification
jo-7-general-s2-science-student,7,general,2,العلوم,student,indexed-pending-nccd,DISCOVERED,no,https://www.nccd.gov.jo/ar/pages/TextBooksGrade/74,Subject list indexed from Minhaji companion — pending NCCD human verification
jo-7-general-s2-science-activity,7,general,2,العلوم,activity,indexed-pending-nccd,DISCOVERED,no,https://www.nccd.gov.jo/ar/pages/TextBooksGrade/74,Subject list indexed from Minhaji companion — pending NCCD human verification
jo-7-general-s2-science-teacher_guide,7,general,2,العلوم,teacher_guide,indexed-pending-nccd,DISCOVERED,no,https://www.nccd.gov.jo/ar/pages/TextBooksGrade/74,Subject list indexed from Minhaji companion — pending NCCD human verification
jo-7-general-s1-islamic-student,7,general,1,التربية الإسلامية,student,indexed-pending-nccd,DISCOVERED,no,https://www.nccd.gov.jo/ar/pages/TextBooksGrade/74,Subject list indexed from Minhaji companion — pending NCCD human verification
jo-7-general-s1-islamic-teacher_guide,7,general,1,التربية الإسلامية,teacher_guide,indexed-pending-nccd,DISCOVERED,no,https://www.nccd.gov.jo/ar/pages/TextBooksGrade/74,Subject list indexed from Minhaji companion — pending NCCD human verification
jo-7-general-s2-islamic-student,7,general,2,التربية الإسلامية,student,indexed-pending-nccd,DISCOVERED,no,https://www.nccd.gov.jo/ar/pages/TextBooksGrade/74,Subject list indexed from Minhaji companion — pending NCCD human verification
jo-7-general-s2-islamic-teacher_guide,7,general,2,التربية الإسلامية,teacher_guide,indexed-pending-nccd,DISCOVERED,no,https://www.nccd.gov.jo/ar/pages/TextBooksGrade/74,Subject list indexed from Minhaji companion — pending NCCD human verification
jo-7-general-s1-social-student,7,general,1,الدراسات الاجتماعية,student,indexed-pending-nccd,DISCOVERED,no,https://www.nccd.gov.jo/ar/pages/TextBooksGrade/74,Subject list indexed from Minhaji companion — pending NCCD human verification
jo-7-general-s1-social-teacher_guide,7,general,1,الدراسات الاجتماعية,teacher_guide,indexed-pending-nccd,DISCOVERED,no,https://www.nccd.gov.jo/ar/pages/TextBooksGrade/74,Subject list indexed from Minhaji companion — pending NCCD human verification
jo-7-general-s2-social-student,7,general,2,الدراسات الاجتماعية,student,indexed-pending-nccd,DISCOVERED,no,https://www.nccd.gov.jo/ar/pages/TextBooksGrade/74,Subject list indexed from Minhaji companion — pending NCCD human verification
jo-7-general-s2-social-teacher_guide,7,general,2,الدراسات الاجتماعية,teacher_guide,indexed-pending-nccd,DISCOVERED,no,https://www.nccd.gov.jo/ar/pages/TextBooksGrade/74,Subject list indexed from Minhaji companion — pending NCCD human verification
jo-7-general-s1-finance-student,7,general,1,الثقافة المالية,student,indexed-pending-nccd,DISCOVERED,no,https://www.nccd.gov.jo/ar/pages/TextBooksGrade/74,Subject list indexed from Minhaji companion — pending NCCD human verification
jo-7-general-s1-finance-teacher_guide,7,general,1,الثقافة المالية,teacher_guide,indexed-pending-nccd,DISCOVERED,no,https://www.nccd.gov.jo/ar/pages/TextBooksGrade/74,Subject list indexed from Minhaji companion — pending NCCD human verification
jo-7-general-s2-finance-student,7,general,2,الثقافة المالية,student,indexed-pending-nccd,DISCOVERED,no,https://www.nccd.gov.jo/ar/pages/TextBooksGrade/74,Subject list indexed from Minhaji companion — pending NCCD human verification
jo-7-general-s2-finance-teacher_guide,7,general,2,الثقافة المالية,teacher_guide,indexed-pending-nccd,DISCOVERED,no,https://www.nccd.gov.jo/ar/pages/TextBooksGrade/74,Subject list indexed from Minhaji companion — pending NCCD human verification
jo-7-general-s1-digital-student,7,general,1,المهارات الرقمية,student,indexed-pending-nccd,DISCOVERED,no,https://www.nccd.gov.jo/ar/pages/TextBooksGrade/74,Subject list indexed from Minhaji companion — pending NCCD human verification
jo-7-general-s1-digital-teacher_guide,7,general,1,المهارات الرقمية,teacher_guide,indexed-pending-nccd,DISCOVERED,no,https://www.nccd.gov.jo/ar/pages/TextBooksGrade/74,Subject list indexed from Minhaji companion — pending NCCD human verification
jo-7-general-s2-digital-student,7,general,2,المهارات الرقمية,student,indexed-pending-nccd,DISCOVERED,no,https://www.nccd.gov.jo/ar/pages/TextBooksGrade/74,Subject list indexed from Minhaji companion — pending NCCD human verification
jo-7-general-s2-digital-teacher_guide,7,general,2,المهارات الرقمية,teacher_guide,indexed-pending-nccd,DISCOVERED,no,https://www.nccd.gov.jo/ar/pages/TextBooksGrade/74,Subject list indexed from Minhaji companion — pending NCCD human verification
jo-7-general-s1-vocational-student,7,general,1,التربية المهنية,student,indexed-pending-nccd,DISCOVERED,no,https://www.nccd.gov.jo/ar/pages/TextBooksGrade/74,Subject list indexed from Minhaji companion — pending NCCD human verification
jo-7-general-s1-vocational-teacher_guide,7,general,1,التربية المهنية,teacher_guide,indexed-pending-nccd,DISCOVERED,no,https://www.nccd.gov.jo/ar/pages/TextBooksGrade/74,Subject list indexed from Minhaji companion — pending NCCD human verification
jo-7-general-s2-vocational-student,7,general,2,التربية المهنية,student,indexed-pending-nccd,DISCOVERED,no,https://www.nccd.gov.jo/ar/pages/TextBooksGrade/74,Subject list indexed from Minhaji companion — pending NCCD human verification
jo-7-general-s2-vocational-teacher_guide,7,general,2,التربية المهنية,teacher_guide,indexed-pending-nccd,DISCOVERED,no,https://www.nccd.gov.jo/ar/pages/TextBooksGrade/74,Subject list indexed from Minhaji companion — pending NCCD human verification
jo-7-general-s1-arts-student,7,general,1,التربية الفنية والموسيقية والمسرحية,student,indexed-pending-nccd,DISCOVERED,no,https://www.nccd.gov.jo/ar/pages/TextBooksGrade/74,Subject list indexed from Minhaji companion — pending NCCD human verification
jo-7-general-s1-arts-teacher_guide,7,general,1,التربية الفنية والموسيقية والمسرحية,teacher_guide,indexed-pending-nccd,DISCOVERED,no,https://www.nccd.gov.jo/ar/pages/TextBooksGrade/74,Subject list indexed from Minhaji companion — pending NCCD human verification
jo-7-general-s2-arts-student,7,general,2,التربية الفنية والموسيقية والمسرحية,student,indexed-pending-nccd,DISCOVERED,no,https://www.nccd.gov.jo/ar/pages/TextBooksGrade/74,Subject list indexed from Minhaji companion — pending NCCD human verification
jo-7-general-s2-arts-teacher_guide,7,general,2,التربية الفنية والموسيقية والمسرحية,teacher_guide,indexed-pending-nccd,DISCOVERED,no,https://www.nccd.gov.jo/ar/pages/TextBooksGrade/74,Subject list indexed from Minhaji companion — pending NCCD human verification
jo-7-general-s1-pe-student,7,general,1,التربية الرياضية,student,indexed-pending-nccd,DISCOVERED,no,https://www.nccd.gov.jo/ar/pages/TextBooksGrade/74,Subject list indexed from Minhaji companion — pending NCCD human verification
jo-7-general-s1-pe-teacher_guide,7,general,1,التربية الرياضية,teacher_guide,indexed-pending-nccd,DISCOVERED,no,https://www.nccd.gov.jo/ar/pages/TextBooksGrade/74,Subject list indexed from Minhaji companion — pending NCCD human verification
jo-7-general-s2-pe-student,7,general,2,التربية الرياضية,student,indexed-pending-nccd,DISCOVERED,no,https://www.nccd.gov.jo/ar/pages/TextBooksGrade/74,Subject list indexed from Minhaji companion — pending NCCD human verification
jo-7-general-s2-pe-teacher_guide,7,general,2,التربية الرياضية,teacher_guide,indexed-pending-nccd,DISCOVERED,no,https://www.nccd.gov.jo/ar/pages/TextBooksGrade/74,Subject list indexed from Minhaji companion — pending NCCD human verification
jo-8-general-s1-math-student,8,general,1,الرياضيات,student,indexed-pending-nccd,DISCOVERED,no,https://www.nccd.gov.jo/ar/pages/TextBooksGrade/75,Subject list indexed from Minhaji companion — pending NCCD human verification
jo-8-general-s1-math-activity,8,general,1,الرياضيات,activity,indexed-pending-nccd,DISCOVERED,no,https://www.nccd.gov.jo/ar/pages/TextBooksGrade/75,Subject list indexed from Minhaji companion — pending NCCD human verification
jo-8-general-s1-math-teacher_guide,8,general,1,الرياضيات,teacher_guide,indexed-pending-nccd,DISCOVERED,no,https://www.nccd.gov.jo/ar/pages/TextBooksGrade/75,Subject list indexed from Minhaji companion — pending NCCD human verification
jo-8-general-s2-math-student,8,general,2,الرياضيات,student,indexed-pending-nccd,DISCOVERED,no,https://www.nccd.gov.jo/ar/pages/TextBooksGrade/75,Subject list indexed from Minhaji companion — pending NCCD human verification
jo-8-general-s2-math-activity,8,general,2,الرياضيات,activity,indexed-pending-nccd,DISCOVERED,no,https://www.nccd.gov.jo/ar/pages/TextBooksGrade/75,Subject list indexed from Minhaji companion — pending NCCD human verification
jo-8-general-s2-math-teacher_guide,8,general,2,الرياضيات,teacher_guide,indexed-pending-nccd,DISCOVERED,no,https://www.nccd.gov.jo/ar/pages/TextBooksGrade/75,Subject list indexed from Minhaji companion — pending NCCD human verification
jo-8-general-s1-science-student,8,general,1,العلوم,student,indexed-pending-nccd,DISCOVERED,no,https://www.nccd.gov.jo/ar/pages/TextBooksGrade/75,Subject list indexed from Minhaji companion — pending NCCD human verification
jo-8-general-s1-science-activity,8,general,1,العلوم,activity,indexed-pending-nccd,DISCOVERED,no,https://www.nccd.gov.jo/ar/pages/TextBooksGrade/75,Subject list indexed from Minhaji companion — pending NCCD human verification
jo-8-general-s1-science-teacher_guide,8,general,1,العلوم,teacher_guide,indexed-pending-nccd,DISCOVERED,no,https://www.nccd.gov.jo/ar/pages/TextBooksGrade/75,Subject list indexed from Minhaji companion — pending NCCD human verification
jo-8-general-s2-science-student,8,general,2,العلوم,student,indexed-pending-nccd,DISCOVERED,no,https://www.nccd.gov.jo/ar/pages/TextBooksGrade/75,Subject list indexed from Minhaji companion — pending NCCD human verification
jo-8-general-s2-science-activity,8,general,2,العلوم,activity,indexed-pending-nccd,DISCOVERED,no,https://www.nccd.gov.jo/ar/pages/TextBooksGrade/75,Subject list indexed from Minhaji companion — pending NCCD human verification
jo-8-general-s2-science-teacher_guide,8,general,2,العلوم,teacher_guide,indexed-pending-nccd,DISCOVERED,no,https://www.nccd.gov.jo/ar/pages/TextBooksGrade/75,Subject list indexed from Minhaji companion — pending NCCD human verification
jo-8-general-s1-arabic-student,8,general,1,اللغة العربية,student,indexed-pending-nccd,DISCOVERED,no,https://www.nccd.gov.jo/ar/pages/TextBooksGrade/75,Subject list indexed from Minhaji companion — pending NCCD human verification
jo-8-general-s1-arabic-activity,8,general,1,اللغة العربية,activity,indexed-pending-nccd,DISCOVERED,no,https://www.nccd.gov.jo/ar/pages/TextBooksGrade/75,Subject list indexed from Minhaji companion — pending NCCD human verification
jo-8-general-s1-arabic-teacher_guide,8,general,1,اللغة العربية,teacher_guide,indexed-pending-nccd,DISCOVERED,no,https://www.nccd.gov.jo/ar/pages/TextBooksGrade/75,Subject list indexed from Minhaji companion — pending NCCD human verification
jo-8-general-s2-arabic-student,8,general,2,اللغة العربية,student,indexed-pending-nccd,DISCOVERED,no,https://www.nccd.gov.jo/ar/pages/TextBooksGrade/75,Subject list indexed from Minhaji companion — pending NCCD human verification
jo-8-general-s2-arabic-activity,8,general,2,اللغة العربية,activity,indexed-pending-nccd,DISCOVERED,no,https://www.nccd.gov.jo/ar/pages/TextBooksGrade/75,Subject list indexed from Minhaji companion — pending NCCD human verification
jo-8-general-s2-arabic-teacher_guide,8,general,2,اللغة العربية,teacher_guide,indexed-pending-nccd,DISCOVERED,no,https://www.nccd.gov.jo/ar/pages/TextBooksGrade/75,Subject list indexed from Minhaji companion — pending NCCD human verification
jo-8-general-s1-english-student,8,general,1,اللغة الإنجليزية,student,indexed-pending-nccd,DISCOVERED,no,https://www.nccd.gov.jo/ar/pages/TextBooksGrade/75,Subject list indexed from Minhaji companion — pending NCCD human verification
jo-8-general-s1-english-activity,8,general,1,اللغة الإنجليزية,activity,indexed-pending-nccd,DISCOVERED,no,https://www.nccd.gov.jo/ar/pages/TextBooksGrade/75,Subject list indexed from Minhaji companion — pending NCCD human verification
jo-8-general-s1-english-teacher_guide,8,general,1,اللغة الإنجليزية,teacher_guide,indexed-pending-nccd,DISCOVERED,no,https://www.nccd.gov.jo/ar/pages/TextBooksGrade/75,Subject list indexed from Minhaji companion — pending NCCD human verification
jo-8-general-s2-english-student,8,general,2,اللغة الإنجليزية,student,indexed-pending-nccd,DISCOVERED,no,https://www.nccd.gov.jo/ar/pages/TextBooksGrade/75,Subject list indexed from Minhaji companion — pending NCCD human verification
jo-8-general-s2-english-activity,8,general,2,اللغة الإنجليزية,activity,indexed-pending-nccd,DISCOVERED,no,https://www.nccd.gov.jo/ar/pages/TextBooksGrade/75,Subject list indexed from Minhaji companion — pending NCCD human verification
jo-8-general-s2-english-teacher_guide,8,general,2,اللغة الإنجليزية,teacher_guide,indexed-pending-nccd,DISCOVERED,no,https://www.nccd.gov.jo/ar/pages/TextBooksGrade/75,Subject list indexed from Minhaji companion — pending NCCD human verification
jo-8-general-s1-islamic-student,8,general,1,التربية الإسلامية,student,indexed-pending-nccd,DISCOVERED,no,https://www.nccd.gov.jo/ar/pages/TextBooksGrade/75,Subject list indexed from Minhaji companion — pending NCCD human verification
jo-8-general-s1-islamic-teacher_guide,8,general,1,التربية الإسلامية,teacher_guide,indexed-pending-nccd,DISCOVERED,no,https://www.nccd.gov.jo/ar/pages/TextBooksGrade/75,Subject list indexed from Minhaji companion — pending NCCD human verification
jo-8-general-s2-islamic-student,8,general,2,التربية الإسلامية,student,indexed-pending-nccd,DISCOVERED,no,https://www.nccd.gov.jo/ar/pages/TextBooksGrade/75,Subject list indexed from Minhaji companion — pending NCCD human verification
jo-8-general-s2-islamic-teacher_guide,8,general,2,التربية الإسلامية,teacher_guide,indexed-pending-nccd,DISCOVERED,no,https://www.nccd.gov.jo/ar/pages/TextBooksGrade/75,Subject list indexed from Minhaji companion — pending NCCD human verification
jo-8-general-s1-social-student,8,general,1,الدراسات الاجتماعية,student,indexed-pending-nccd,DISCOVERED,no,https://www.nccd.gov.jo/ar/pages/TextBooksGrade/75,Subject list indexed from Minhaji companion — pending NCCD human verification
jo-8-general-s1-social-teacher_guide,8,general,1,الدراسات الاجتماعية,teacher_guide,indexed-pending-nccd,DISCOVERED,no,https://www.nccd.gov.jo/ar/pages/TextBooksGrade/75,Subject list indexed from Minhaji companion — pending NCCD human verification
jo-8-general-s2-social-student,8,general,2,الدراسات الاجتماعية,student,indexed-pending-nccd,DISCOVERED,no,https://www.nccd.gov.jo/ar/pages/TextBooksGrade/75,Subject list indexed from Minhaji companion — pending NCCD human verification
jo-8-general-s2-social-teacher_guide,8,general,2,الدراسات الاجتماعية,teacher_guide,indexed-pending-nccd,DISCOVERED,no,https://www.nccd.gov.jo/ar/pages/TextBooksGrade/75,Subject list indexed from Minhaji companion — pending NCCD human verification
jo-8-general-s1-digital-student,8,general,1,المهارات الرقمية,student,indexed-pending-nccd,DISCOVERED,no,https://www.nccd.gov.jo/ar/pages/TextBooksGrade/75,Subject list indexed from Minhaji companion — pending NCCD human verification
jo-8-general-s1-digital-teacher_guide,8,general,1,المهارات الرقمية,teacher_guide,indexed-pending-nccd,DISCOVERED,no,https://www.nccd.gov.jo/ar/pages/TextBooksGrade/75,Subject list indexed from Minhaji companion — pending NCCD human verification
jo-8-general-s2-digital-student,8,general,2,المهارات الرقمية,student,indexed-pending-nccd,DISCOVERED,no,https://www.nccd.gov.jo/ar/pages/TextBooksGrade/75,Subject list indexed from Minhaji companion — pending NCCD human verification
jo-8-general-s2-digital-teacher_guide,8,general,2,المهارات الرقمية,teacher_guide,indexed-pending-nccd,DISCOVERED,no,https://www.nccd.gov.jo/ar/pages/TextBooksGrade/75,Subject list indexed from Minhaji companion — pending NCCD human verification
jo-8-general-s1-finance-student,8,general,1,الثقافة المالية,student,indexed-pending-nccd,DISCOVERED,no,https://www.nccd.gov.jo/ar/pages/TextBooksGrade/75,Subject list indexed from Minhaji companion — pending NCCD human verification
jo-8-general-s1-finance-teacher_guide,8,general,1,الثقافة المالية,teacher_guide,indexed-pending-nccd,DISCOVERED,no,https://www.nccd.gov.jo/ar/pages/TextBooksGrade/75,Subject list indexed from Minhaji companion — pending NCCD human verification
jo-8-general-s2-finance-student,8,general,2,الثقافة المالية,student,indexed-pending-nccd,DISCOVERED,no,https://www.nccd.gov.jo/ar/pages/TextBooksGrade/75,Subject list indexed from Minhaji companion — pending NCCD human verification
jo-8-general-s2-finance-teacher_guide,8,general,2,الثقافة المالية,teacher_guide,indexed-pending-nccd,DISCOVERED,no,https://www.nccd.gov.jo/ar/pages/TextBooksGrade/75,Subject list indexed from Minhaji companion — pending NCCD human verification
jo-8-general-s1-vocational-student,8,general,1,التربية المهنية,student,indexed-pending-nccd,DISCOVERED,no,https://www.nccd.gov.jo/ar/pages/TextBooksGrade/75,Subject list indexed from Minhaji companion — pending NCCD human verification
jo-8-general-s1-vocational-teacher_guide,8,general,1,التربية المهنية,teacher_guide,indexed-pending-nccd,DISCOVERED,no,https://www.nccd.gov.jo/ar/pages/TextBooksGrade/75,Subject list indexed from Minhaji companion — pending NCCD human verification
jo-8-general-s2-vocational-student,8,general,2,التربية المهنية,student,indexed-pending-nccd,DISCOVERED,no,https://www.nccd.gov.jo/ar/pages/TextBooksGrade/75,Subject list indexed from Minhaji companion — pending NCCD human verification
jo-8-general-s2-vocational-teacher_guide,8,general,2,التربية المهنية,teacher_guide,indexed-pending-nccd,DISCOVERED,no,https://www.nccd.gov.jo/ar/pages/TextBooksGrade/75,Subject list indexed from Minhaji companion — pending NCCD human verification
jo-8-general-s1-arts-student,8,general,1,التربية الفنية والموسيقية والمسرحية,student,indexed-pending-nccd,DISCOVERED,no,https://www.nccd.gov.jo/ar/pages/TextBooksGrade/75,Subject list indexed from Minhaji companion — pending NCCD human verification
jo-8-general-s1-arts-teacher_guide,8,general,1,التربية الفنية والموسيقية والمسرحية,teacher_guide,indexed-pending-nccd,DISCOVERED,no,https://www.nccd.gov.jo/ar/pages/TextBooksGrade/75,Subject list indexed from Minhaji companion — pending NCCD human verification
jo-8-general-s2-arts-student,8,general,2,التربية الفنية والموسيقية والمسرحية,student,indexed-pending-nccd,DISCOVERED,no,https://www.nccd.gov.jo/ar/pages/TextBooksGrade/75,Subject list indexed from Minhaji companion — pending NCCD human verification
jo-8-general-s2-arts-teacher_guide,8,general,2,التربية الفنية والموسيقية والمسرحية,teacher_guide,indexed-pending-nccd,DISCOVERED,no,https://www.nccd.gov.jo/ar/pages/TextBooksGrade/75,Subject list indexed from Minhaji companion — pending NCCD human verification
jo-9-general-s1-math-student,9,general,1,الرياضيات,student,indexed-pending-nccd,DISCOVERED,no,https://www.nccd.gov.jo/ar/pages/TextBooksGrade/76,Subject list indexed from Minhaji companion — pending NCCD human verification
jo-9-general-s1-math-activity,9,general,1,الرياضيات,activity,indexed-pending-nccd,DISCOVERED,no,https://www.nccd.gov.jo/ar/pages/TextBooksGrade/76,Subject list indexed from Minhaji companion — pending NCCD human verification
jo-9-general-s1-math-teacher_guide,9,general,1,الرياضيات,teacher_guide,indexed-pending-nccd,DISCOVERED,no,https://www.nccd.gov.jo/ar/pages/TextBooksGrade/76,Subject list indexed from Minhaji companion — pending NCCD human verification
jo-9-general-s2-math-student,9,general,2,الرياضيات,student,indexed-pending-nccd,DISCOVERED,no,https://www.nccd.gov.jo/ar/pages/TextBooksGrade/76,Subject list indexed from Minhaji companion — pending NCCD human verification
jo-9-general-s2-math-activity,9,general,2,الرياضيات,activity,indexed-pending-nccd,DISCOVERED,no,https://www.nccd.gov.jo/ar/pages/TextBooksGrade/76,Subject list indexed from Minhaji companion — pending NCCD human verification
jo-9-general-s2-math-teacher_guide,9,general,2,الرياضيات,teacher_guide,indexed-pending-nccd,DISCOVERED,no,https://www.nccd.gov.jo/ar/pages/TextBooksGrade/76,Subject list indexed from Minhaji companion — pending NCCD human verification
jo-9-general-s1-arabic-student,9,general,1,اللغة العربية,student,indexed-pending-nccd,DISCOVERED,no,https://www.nccd.gov.jo/ar/pages/TextBooksGrade/76,Subject list indexed from Minhaji companion — pending NCCD human verification
jo-9-general-s1-arabic-activity,9,general,1,اللغة العربية,activity,indexed-pending-nccd,DISCOVERED,no,https://www.nccd.gov.jo/ar/pages/TextBooksGrade/76,Subject list indexed from Minhaji companion — pending NCCD human verification
jo-9-general-s1-arabic-teacher_guide,9,general,1,اللغة العربية,teacher_guide,indexed-pending-nccd,DISCOVERED,no,https://www.nccd.gov.jo/ar/pages/TextBooksGrade/76,Subject list indexed from Minhaji companion — pending NCCD human verification
jo-9-general-s2-arabic-student,9,general,2,اللغة العربية,student,indexed-pending-nccd,DISCOVERED,no,https://www.nccd.gov.jo/ar/pages/TextBooksGrade/76,Subject list indexed from Minhaji companion — pending NCCD human verification
jo-9-general-s2-arabic-activity,9,general,2,اللغة العربية,activity,indexed-pending-nccd,DISCOVERED,no,https://www.nccd.gov.jo/ar/pages/TextBooksGrade/76,Subject list indexed from Minhaji companion — pending NCCD human verification
jo-9-general-s2-arabic-teacher_guide,9,general,2,اللغة العربية,teacher_guide,indexed-pending-nccd,DISCOVERED,no,https://www.nccd.gov.jo/ar/pages/TextBooksGrade/76,Subject list indexed from Minhaji companion — pending NCCD human verification
jo-9-general-s1-english-student,9,general,1,اللغة الإنجليزية,student,indexed-pending-nccd,DISCOVERED,no,https://www.nccd.gov.jo/ar/pages/TextBooksGrade/76,Subject list indexed from Minhaji companion — pending NCCD human verification
jo-9-general-s1-english-activity,9,general,1,اللغة الإنجليزية,activity,indexed-pending-nccd,DISCOVERED,no,https://www.nccd.gov.jo/ar/pages/TextBooksGrade/76,Subject list indexed from Minhaji companion — pending NCCD human verification
jo-9-general-s1-english-teacher_guide,9,general,1,اللغة الإنجليزية,teacher_guide,indexed-pending-nccd,DISCOVERED,no,https://www.nccd.gov.jo/ar/pages/TextBooksGrade/76,Subject list indexed from Minhaji companion — pending NCCD human verification
jo-9-general-s2-english-student,9,general,2,اللغة الإنجليزية,student,indexed-pending-nccd,DISCOVERED,no,https://www.nccd.gov.jo/ar/pages/TextBooksGrade/76,Subject list indexed from Minhaji companion — pending NCCD human verification
jo-9-general-s2-english-activity,9,general,2,اللغة الإنجليزية,activity,indexed-pending-nccd,DISCOVERED,no,https://www.nccd.gov.jo/ar/pages/TextBooksGrade/76,Subject list indexed from Minhaji companion — pending NCCD human verification
jo-9-general-s2-english-teacher_guide,9,general,2,اللغة الإنجليزية,teacher_guide,indexed-pending-nccd,DISCOVERED,no,https://www.nccd.gov.jo/ar/pages/TextBooksGrade/76,Subject list indexed from Minhaji companion — pending NCCD human verification
jo-9-general-s1-islamic-student,9,general,1,التربية الإسلامية,student,indexed-pending-nccd,DISCOVERED,no,https://www.nccd.gov.jo/ar/pages/TextBooksGrade/76,Subject list indexed from Minhaji companion — pending NCCD human verification
jo-9-general-s1-islamic-teacher_guide,9,general,1,التربية الإسلامية,teacher_guide,indexed-pending-nccd,DISCOVERED,no,https://www.nccd.gov.jo/ar/pages/TextBooksGrade/76,Subject list indexed from Minhaji companion — pending NCCD human verification
jo-9-general-s2-islamic-student,9,general,2,التربية الإسلامية,student,indexed-pending-nccd,DISCOVERED,no,https://www.nccd.gov.jo/ar/pages/TextBooksGrade/76,Subject list indexed from Minhaji companion — pending NCCD human verification
jo-9-general-s2-islamic-teacher_guide,9,general,2,التربية الإسلامية,teacher_guide,indexed-pending-nccd,DISCOVERED,no,https://www.nccd.gov.jo/ar/pages/TextBooksGrade/76,Subject list indexed from Minhaji companion — pending NCCD human verification
jo-9-general-s1-chemistry-student,9,general,1,الكيمياء,student,indexed-pending-nccd,DISCOVERED,no,https://www.nccd.gov.jo/ar/pages/TextBooksGrade/76,Subject list indexed from Minhaji companion — pending NCCD human verification
jo-9-general-s1-chemistry-teacher_guide,9,general,1,الكيمياء,teacher_guide,indexed-pending-nccd,DISCOVERED,no,https://www.nccd.gov.jo/ar/pages/TextBooksGrade/76,Subject list indexed from Minhaji companion — pending NCCD human verification
jo-9-general-s2-chemistry-student,9,general,2,الكيمياء,student,indexed-pending-nccd,DISCOVERED,no,https://www.nccd.gov.jo/ar/pages/TextBooksGrade/76,Subject list indexed from Minhaji companion — pending NCCD human verification
jo-9-general-s2-chemistry-teacher_guide,9,general,2,الكيمياء,teacher_guide,indexed-pending-nccd,DISCOVERED,no,https://www.nccd.gov.jo/ar/pages/TextBooksGrade/76,Subject list indexed from Minhaji companion — pending NCCD human verification
jo-9-general-s1-physics-student,9,general,1,الفيزياء,student,indexed-pending-nccd,DISCOVERED,no,https://www.nccd.gov.jo/ar/pages/TextBooksGrade/76,Subject list indexed from Minhaji companion — pending NCCD human verification
jo-9-general-s1-physics-teacher_guide,9,general,1,الفيزياء,teacher_guide,indexed-pending-nccd,DISCOVERED,no,https://www.nccd.gov.jo/ar/pages/TextBooksGrade/76,Subject list indexed from Minhaji companion — pending NCCD human verification
jo-9-general-s2-physics-student,9,general,2,الفيزياء,student,indexed-pending-nccd,DISCOVERED,no,https://www.nccd.gov.jo/ar/pages/TextBooksGrade/76,Subject list indexed from Minhaji companion — pending NCCD human verification
jo-9-general-s2-physics-teacher_guide,9,general,2,الفيزياء,teacher_guide,indexed-pending-nccd,DISCOVERED,no,https://www.nccd.gov.jo/ar/pages/TextBooksGrade/76,Subject list indexed from Minhaji companion — pending NCCD human verification
jo-9-general-s1-biology-student,9,general,1,العلوم الحياتية,student,indexed-pending-nccd,DISCOVERED,no,https://www.nccd.gov.jo/ar/pages/TextBooksGrade/76,Subject list indexed from Minhaji companion — pending NCCD human verification
jo-9-general-s1-biology-teacher_guide,9,general,1,العلوم الحياتية,teacher_guide,indexed-pending-nccd,DISCOVERED,no,https://www.nccd.gov.jo/ar/pages/TextBooksGrade/76,Subject list indexed from Minhaji companion — pending NCCD human verification
jo-9-general-s2-biology-student,9,general,2,العلوم الحياتية,student,indexed-pending-nccd,DISCOVERED,no,https://www.nccd.gov.jo/ar/pages/TextBooksGrade/76,Subject list indexed from Minhaji companion — pending NCCD human verification
jo-9-general-s2-biology-teacher_guide,9,general,2,العلوم الحياتية,teacher_guide,indexed-pending-nccd,DISCOVERED,no,https://www.nccd.gov.jo/ar/pages/TextBooksGrade/76,Subject list indexed from Minhaji companion — pending NCCD human verification
jo-9-general-s1-earth-student,9,general,1,علوم الأرض والبيئة,student,indexed-pending-nccd,DISCOVERED,no,https://www.nccd.gov.jo/ar/pages/TextBooksGrade/76,Subject list indexed from Minhaji companion — pending NCCD human verification
jo-9-general-s1-earth-teacher_guide,9,general,1,علوم الأرض والبيئة,teacher_guide,indexed-pending-nccd,DISCOVERED,no,https://www.nccd.gov.jo/ar/pages/TextBooksGrade/76,Subject list indexed from Minhaji companion — pending NCCD human verification
jo-9-general-s2-earth-student,9,general,2,علوم الأرض والبيئة,student,indexed-pending-nccd,DISCOVERED,no,https://www.nccd.gov.jo/ar/pages/TextBooksGrade/76,Subject list indexed from Minhaji companion — pending NCCD human verification
jo-9-general-s2-earth-teacher_guide,9,general,2,علوم الأرض والبيئة,teacher_guide,indexed-pending-nccd,DISCOVERED,no,https://www.nccd.gov.jo/ar/pages/TextBooksGrade/76,Subject list indexed from Minhaji companion — pending NCCD human verification
jo-9-general-s1-civic-student,9,general,1,التربية الوطنية والمدنية,student,indexed-pending-nccd,DISCOVERED,no,https://www.nccd.gov.jo/ar/pages/TextBooksGrade/76,Subject list indexed from Minhaji companion — pending NCCD human verification
jo-9-general-s1-civic-teacher_guide,9,general,1,التربية الوطنية والمدنية,teacher_guide,indexed-pending-nccd,DISCOVERED,no,https://www.nccd.gov.jo/ar/pages/TextBooksGrade/76,Subject list indexed from Minhaji companion — pending NCCD human verification
jo-9-general-s2-civic-student,9,general,2,التربية الوطنية والمدنية,student,indexed-pending-nccd,DISCOVERED,no,https://www.nccd.gov.jo/ar/pages/TextBooksGrade/76,Subject list indexed from Minhaji companion — pending NCCD human verification
jo-9-general-s2-civic-teacher_guide,9,general,2,التربية الوطنية والمدنية,teacher_guide,indexed-pending-nccd,DISCOVERED,no,https://www.nccd.gov.jo/ar/pages/TextBooksGrade/76,Subject list indexed from Minhaji companion — pending NCCD human verification
jo-9-general-s1-history-student,9,general,1,التاريخ,student,indexed-pending-nccd,DISCOVERED,no,https://www.nccd.gov.jo/ar/pages/TextBooksGrade/76,Subject list indexed from Minhaji companion — pending NCCD human verification
jo-9-general-s1-history-teacher_guide,9,general,1,التاريخ,teacher_guide,indexed-pending-nccd,DISCOVERED,no,https://www.nccd.gov.jo/ar/pages/TextBooksGrade/76,Subject list indexed from Minhaji companion — pending NCCD human verification
jo-9-general-s2-history-student,9,general,2,التاريخ,student,indexed-pending-nccd,DISCOVERED,no,https://www.nccd.gov.jo/ar/pages/TextBooksGrade/76,Subject list indexed from Minhaji companion — pending NCCD human verification
jo-9-general-s2-history-teacher_guide,9,general,2,التاريخ,teacher_guide,indexed-pending-nccd,DISCOVERED,no,https://www.nccd.gov.jo/ar/pages/TextBooksGrade/76,Subject list indexed from Minhaji companion — pending NCCD human verification
jo-9-general-s1-geography-student,9,general,1,الجغرافيا,student,indexed-pending-nccd,DISCOVERED,no,https://www.nccd.gov.jo/ar/pages/TextBooksGrade/76,Subject list indexed from Minhaji companion — pending NCCD human verification
jo-9-general-s1-geography-teacher_guide,9,general,1,الجغرافيا,teacher_guide,indexed-pending-nccd,DISCOVERED,no,https://www.nccd.gov.jo/ar/pages/TextBooksGrade/76,Subject list indexed from Minhaji companion — pending NCCD human verification
jo-9-general-s2-geography-student,9,general,2,الجغرافيا,student,indexed-pending-nccd,DISCOVERED,no,https://www.nccd.gov.jo/ar/pages/TextBooksGrade/76,Subject list indexed from Minhaji companion — pending NCCD human verification
jo-9-general-s2-geography-teacher_guide,9,general,2,الجغرافيا,teacher_guide,indexed-pending-nccd,DISCOVERED,no,https://www.nccd.gov.jo/ar/pages/TextBooksGrade/76,Subject list indexed from Minhaji companion — pending NCCD human verification
jo-9-general-s1-digital-student,9,general,1,المهارات الرقمية,student,indexed-pending-nccd,DISCOVERED,no,https://www.nccd.gov.jo/ar/pages/TextBooksGrade/76,Subject list indexed from Minhaji companion — pending NCCD human verification
jo-9-general-s1-digital-teacher_guide,9,general,1,المهارات الرقمية,teacher_guide,indexed-pending-nccd,DISCOVERED,no,https://www.nccd.gov.jo/ar/pages/TextBooksGrade/76,Subject list indexed from Minhaji companion — pending NCCD human verification
jo-9-general-s2-digital-student,9,general,2,المهارات الرقمية,student,indexed-pending-nccd,DISCOVERED,no,https://www.nccd.gov.jo/ar/pages/TextBooksGrade/76,Subject list indexed from Minhaji companion — pending NCCD human verification
jo-9-general-s2-digital-teacher_guide,9,general,2,المهارات الرقمية,teacher_guide,indexed-pending-nccd,DISCOVERED,no,https://www.nccd.gov.jo/ar/pages/TextBooksGrade/76,Subject list indexed from Minhaji companion — pending NCCD human verification
jo-9-general-s1-finance-student,9,general,1,الثقافة المالية,student,indexed-pending-nccd,DISCOVERED,no,https://www.nccd.gov.jo/ar/pages/TextBooksGrade/76,Subject list indexed from Minhaji companion — pending NCCD human verification
jo-9-general-s1-finance-teacher_guide,9,general,1,الثقافة المالية,teacher_guide,indexed-pending-nccd,DISCOVERED,no,https://www.nccd.gov.jo/ar/pages/TextBooksGrade/76,Subject list indexed from Minhaji companion — pending NCCD human verification
jo-9-general-s2-finance-student,9,general,2,الثقافة المالية,student,indexed-pending-nccd,DISCOVERED,no,https://www.nccd.gov.jo/ar/pages/TextBooksGrade/76,Subject list indexed from Minhaji companion — pending NCCD human verification
jo-9-general-s2-finance-teacher_guide,9,general,2,الثقافة المالية,teacher_guide,indexed-pending-nccd,DISCOVERED,no,https://www.nccd.gov.jo/ar/pages/TextBooksGrade/76,Subject list indexed from Minhaji companion — pending NCCD human verification
jo-9-general-s1-vocational-student,9,general,1,التربية المهنية,student,indexed-pending-nccd,DISCOVERED,no,https://www.nccd.gov.jo/ar/pages/TextBooksGrade/76,Subject list indexed from Minhaji companion — pending NCCD human verification
jo-9-general-s1-vocational-teacher_guide,9,general,1,التربية المهنية,teacher_guide,indexed-pending-nccd,DISCOVERED,no,https://www.nccd.gov.jo/ar/pages/TextBooksGrade/76,Subject list indexed from Minhaji companion — pending NCCD human verification
jo-9-general-s2-vocational-student,9,general,2,التربية المهنية,student,indexed-pending-nccd,DISCOVERED,no,https://www.nccd.gov.jo/ar/pages/TextBooksGrade/76,Subject list indexed from Minhaji companion — pending NCCD human verification
jo-9-general-s2-vocational-teacher_guide,9,general,2,التربية المهنية,teacher_guide,indexed-pending-nccd,DISCOVERED,no,https://www.nccd.gov.jo/ar/pages/TextBooksGrade/76,Subject list indexed from Minhaji companion — pending NCCD human verification
jo-9-general-s1-arts-student,9,general,1,التربية الفنية والموسيقية والمسرحية,student,indexed-pending-nccd,DISCOVERED,no,https://www.nccd.gov.jo/ar/pages/TextBooksGrade/76,Subject list indexed from Minhaji companion — pending NCCD human verification
jo-9-general-s1-arts-teacher_guide,9,general,1,التربية الفنية والموسيقية والمسرحية,teacher_guide,indexed-pending-nccd,DISCOVERED,no,https://www.nccd.gov.jo/ar/pages/TextBooksGrade/76,Subject list indexed from Minhaji companion — pending NCCD human verification
jo-9-general-s2-arts-student,9,general,2,التربية الفنية والموسيقية والمسرحية,student,indexed-pending-nccd,DISCOVERED,no,https://www.nccd.gov.jo/ar/pages/TextBooksGrade/76,Subject list indexed from Minhaji companion — pending NCCD human verification
jo-9-general-s2-arts-teacher_guide,9,general,2,التربية الفنية والموسيقية والمسرحية,teacher_guide,indexed-pending-nccd,DISCOVERED,no,https://www.nccd.gov.jo/ar/pages/TextBooksGrade/76,Subject list indexed from Minhaji companion — pending NCCD human verification
jo-9-general-s1-pe-student,9,general,1,التربية الرياضية,student,indexed-pending-nccd,DISCOVERED,no,https://www.nccd.gov.jo/ar/pages/TextBooksGrade/76,Subject list indexed from Minhaji companion — pending NCCD human verification
jo-9-general-s1-pe-teacher_guide,9,general,1,التربية الرياضية,teacher_guide,indexed-pending-nccd,DISCOVERED,no,https://www.nccd.gov.jo/ar/pages/TextBooksGrade/76,Subject list indexed from Minhaji companion — pending NCCD human verification
jo-9-general-s2-pe-student,9,general,2,التربية الرياضية,student,indexed-pending-nccd,DISCOVERED,no,https://www.nccd.gov.jo/ar/pages/TextBooksGrade/76,Subject list indexed from Minhaji companion — pending NCCD human verification
jo-9-general-s2-pe-teacher_guide,9,general,2,التربية الرياضية,teacher_guide,indexed-pending-nccd,DISCOVERED,no,https://www.nccd.gov.jo/ar/pages/TextBooksGrade/76,Subject list indexed from Minhaji companion — pending NCCD human verification
jo-10-general-s1-math-student,10,general,1,الرياضيات,student,indexed-pending-nccd,DISCOVERED,no,https://www.nccd.gov.jo/ar/pages/TextBooksGrade/77,Subject list indexed from Minhaji companion — pending NCCD human verification
jo-10-general-s1-math-activity,10,general,1,الرياضيات,activity,indexed-pending-nccd,DISCOVERED,no,https://www.nccd.gov.jo/ar/pages/TextBooksGrade/77,Subject list indexed from Minhaji companion — pending NCCD human verification
jo-10-general-s1-math-teacher_guide,10,general,1,الرياضيات,teacher_guide,indexed-pending-nccd,DISCOVERED,no,https://www.nccd.gov.jo/ar/pages/TextBooksGrade/77,Subject list indexed from Minhaji companion — pending NCCD human verification
jo-10-general-s2-math-student,10,general,2,الرياضيات,student,indexed-pending-nccd,DISCOVERED,no,https://www.nccd.gov.jo/ar/pages/TextBooksGrade/77,Subject list indexed from Minhaji companion — pending NCCD human verification
jo-10-general-s2-math-activity,10,general,2,الرياضيات,activity,indexed-pending-nccd,DISCOVERED,no,https://www.nccd.gov.jo/ar/pages/TextBooksGrade/77,Subject list indexed from Minhaji companion — pending NCCD human verification
jo-10-general-s2-math-teacher_guide,10,general,2,الرياضيات,teacher_guide,indexed-pending-nccd,DISCOVERED,no,https://www.nccd.gov.jo/ar/pages/TextBooksGrade/77,Subject list indexed from Minhaji companion — pending NCCD human verification
jo-10-general-s1-arabic-student,10,general,1,اللغة العربية,student,indexed-pending-nccd,DISCOVERED,no,https://www.nccd.gov.jo/ar/pages/TextBooksGrade/77,Subject list indexed from Minhaji companion — pending NCCD human verification
jo-10-general-s1-arabic-activity,10,general,1,اللغة العربية,activity,indexed-pending-nccd,DISCOVERED,no,https://www.nccd.gov.jo/ar/pages/TextBooksGrade/77,Subject list indexed from Minhaji companion — pending NCCD human verification
jo-10-general-s1-arabic-teacher_guide,10,general,1,اللغة العربية,teacher_guide,indexed-pending-nccd,DISCOVERED,no,https://www.nccd.gov.jo/ar/pages/TextBooksGrade/77,Subject list indexed from Minhaji companion — pending NCCD human verification
jo-10-general-s2-arabic-student,10,general,2,اللغة العربية,student,indexed-pending-nccd,DISCOVERED,no,https://www.nccd.gov.jo/ar/pages/TextBooksGrade/77,Subject list indexed from Minhaji companion — pending NCCD human verification
jo-10-general-s2-arabic-activity,10,general,2,اللغة العربية,activity,indexed-pending-nccd,DISCOVERED,no,https://www.nccd.gov.jo/ar/pages/TextBooksGrade/77,Subject list indexed from Minhaji companion — pending NCCD human verification
jo-10-general-s2-arabic-teacher_guide,10,general,2,اللغة العربية,teacher_guide,indexed-pending-nccd,DISCOVERED,no,https://www.nccd.gov.jo/ar/pages/TextBooksGrade/77,Subject list indexed from Minhaji companion — pending NCCD human verification
jo-10-general-s1-english-student,10,general,1,اللغة الإنجليزية,student,indexed-pending-nccd,DISCOVERED,no,https://www.nccd.gov.jo/ar/pages/TextBooksGrade/77,Subject list indexed from Minhaji companion — pending NCCD human verification
jo-10-general-s1-english-activity,10,general,1,اللغة الإنجليزية,activity,indexed-pending-nccd,DISCOVERED,no,https://www.nccd.gov.jo/ar/pages/TextBooksGrade/77,Subject list indexed from Minhaji companion — pending NCCD human verification
jo-10-general-s1-english-teacher_guide,10,general,1,اللغة الإنجليزية,teacher_guide,indexed-pending-nccd,DISCOVERED,no,https://www.nccd.gov.jo/ar/pages/TextBooksGrade/77,Subject list indexed from Minhaji companion — pending NCCD human verification
jo-10-general-s2-english-student,10,general,2,اللغة الإنجليزية,student,indexed-pending-nccd,DISCOVERED,no,https://www.nccd.gov.jo/ar/pages/TextBooksGrade/77,Subject list indexed from Minhaji companion — pending NCCD human verification
jo-10-general-s2-english-activity,10,general,2,اللغة الإنجليزية,activity,indexed-pending-nccd,DISCOVERED,no,https://www.nccd.gov.jo/ar/pages/TextBooksGrade/77,Subject list indexed from Minhaji companion — pending NCCD human verification
jo-10-general-s2-english-teacher_guide,10,general,2,اللغة الإنجليزية,teacher_guide,indexed-pending-nccd,DISCOVERED,no,https://www.nccd.gov.jo/ar/pages/TextBooksGrade/77,Subject list indexed from Minhaji companion — pending NCCD human verification
jo-10-general-s1-islamic-student,10,general,1,التربية الإسلامية,student,indexed-pending-nccd,DISCOVERED,no,https://www.nccd.gov.jo/ar/pages/TextBooksGrade/77,Subject list indexed from Minhaji companion — pending NCCD human verification
jo-10-general-s1-islamic-teacher_guide,10,general,1,التربية الإسلامية,teacher_guide,indexed-pending-nccd,DISCOVERED,no,https://www.nccd.gov.jo/ar/pages/TextBooksGrade/77,Subject list indexed from Minhaji companion — pending NCCD human verification
jo-10-general-s2-islamic-student,10,general,2,التربية الإسلامية,student,indexed-pending-nccd,DISCOVERED,no,https://www.nccd.gov.jo/ar/pages/TextBooksGrade/77,Subject list indexed from Minhaji companion — pending NCCD human verification
jo-10-general-s2-islamic-teacher_guide,10,general,2,التربية الإسلامية,teacher_guide,indexed-pending-nccd,DISCOVERED,no,https://www.nccd.gov.jo/ar/pages/TextBooksGrade/77,Subject list indexed from Minhaji companion — pending NCCD human verification
jo-10-general-s1-physics-student,10,general,1,الفيزياء,student,indexed-pending-nccd,DISCOVERED,no,https://www.nccd.gov.jo/ar/pages/TextBooksGrade/77,Subject list indexed from Minhaji companion — pending NCCD human verification
jo-10-general-s1-physics-teacher_guide,10,general,1,الفيزياء,teacher_guide,indexed-pending-nccd,DISCOVERED,no,https://www.nccd.gov.jo/ar/pages/TextBooksGrade/77,Subject list indexed from Minhaji companion — pending NCCD human verification
jo-10-general-s2-physics-student,10,general,2,الفيزياء,student,indexed-pending-nccd,DISCOVERED,no,https://www.nccd.gov.jo/ar/pages/TextBooksGrade/77,Subject list indexed from Minhaji companion — pending NCCD human verification
jo-10-general-s2-physics-teacher_guide,10,general,2,الفيزياء,teacher_guide,indexed-pending-nccd,DISCOVERED,no,https://www.nccd.gov.jo/ar/pages/TextBooksGrade/77,Subject list indexed from Minhaji companion — pending NCCD human verification
jo-10-general-s1-chemistry-student,10,general,1,الكيمياء,student,indexed-pending-nccd,DISCOVERED,no,https://www.nccd.gov.jo/ar/pages/TextBooksGrade/77,Subject list indexed from Minhaji companion — pending NCCD human verification
jo-10-general-s1-chemistry-teacher_guide,10,general,1,الكيمياء,teacher_guide,indexed-pending-nccd,DISCOVERED,no,https://www.nccd.gov.jo/ar/pages/TextBooksGrade/77,Subject list indexed from Minhaji companion — pending NCCD human verification
jo-10-general-s2-chemistry-student,10,general,2,الكيمياء,student,indexed-pending-nccd,DISCOVERED,no,https://www.nccd.gov.jo/ar/pages/TextBooksGrade/77,Subject list indexed from Minhaji companion — pending NCCD human verification
jo-10-general-s2-chemistry-teacher_guide,10,general,2,الكيمياء,teacher_guide,indexed-pending-nccd,DISCOVERED,no,https://www.nccd.gov.jo/ar/pages/TextBooksGrade/77,Subject list indexed from Minhaji companion — pending NCCD human verification
jo-10-general-s1-biology-student,10,general,1,العلوم الحياتية,student,indexed-pending-nccd,DISCOVERED,no,https://www.nccd.gov.jo/ar/pages/TextBooksGrade/77,Subject list indexed from Minhaji companion — pending NCCD human verification
jo-10-general-s1-biology-teacher_guide,10,general,1,العلوم الحياتية,teacher_guide,indexed-pending-nccd,DISCOVERED,no,https://www.nccd.gov.jo/ar/pages/TextBooksGrade/77,Subject list indexed from Minhaji companion — pending NCCD human verification
jo-10-general-s2-biology-student,10,general,2,العلوم الحياتية,student,indexed-pending-nccd,DISCOVERED,no,https://www.nccd.gov.jo/ar/pages/TextBooksGrade/77,Subject list indexed from Minhaji companion — pending NCCD human verification
jo-10-general-s2-biology-teacher_guide,10,general,2,العلوم الحياتية,teacher_guide,indexed-pending-nccd,DISCOVERED,no,https://www.nccd.gov.jo/ar/pages/TextBooksGrade/77,Subject list indexed from Minhaji companion — pending NCCD human verification
jo-10-general-s1-earth-student,10,general,1,علوم الأرض والبيئة,student,indexed-pending-nccd,DISCOVERED,no,https://www.nccd.gov.jo/ar/pages/TextBooksGrade/77,Subject list indexed from Minhaji companion — pending NCCD human verification
jo-10-general-s1-earth-teacher_guide,10,general,1,علوم الأرض والبيئة,teacher_guide,indexed-pending-nccd,DISCOVERED,no,https://www.nccd.gov.jo/ar/pages/TextBooksGrade/77,Subject list indexed from Minhaji companion — pending NCCD human verification
jo-10-general-s2-earth-student,10,general,2,علوم الأرض والبيئة,student,indexed-pending-nccd,DISCOVERED,no,https://www.nccd.gov.jo/ar/pages/TextBooksGrade/77,Subject list indexed from Minhaji companion — pending NCCD human verification
jo-10-general-s2-earth-teacher_guide,10,general,2,علوم الأرض والبيئة,teacher_guide,indexed-pending-nccd,DISCOVERED,no,https://www.nccd.gov.jo/ar/pages/TextBooksGrade/77,Subject list indexed from Minhaji companion — pending NCCD human verification
jo-10-general-s1-history-student,10,general,1,التاريخ,student,indexed-pending-nccd,DISCOVERED,no,https://www.nccd.gov.jo/ar/pages/TextBooksGrade/77,Subject list indexed from Minhaji companion — pending NCCD human verification
jo-10-general-s1-history-teacher_guide,10,general,1,التاريخ,teacher_guide,indexed-pending-nccd,DISCOVERED,no,https://www.nccd.gov.jo/ar/pages/TextBooksGrade/77,Subject list indexed from Minhaji companion — pending NCCD human verification
jo-10-general-s2-history-student,10,general,2,التاريخ,student,indexed-pending-nccd,DISCOVERED,no,https://www.nccd.gov.jo/ar/pages/TextBooksGrade/77,Subject list indexed from Minhaji companion — pending NCCD human verification
jo-10-general-s2-history-teacher_guide,10,general,2,التاريخ,teacher_guide,indexed-pending-nccd,DISCOVERED,no,https://www.nccd.gov.jo/ar/pages/TextBooksGrade/77,Subject list indexed from Minhaji companion — pending NCCD human verification
jo-10-general-s1-geography-student,10,general,1,الجغرافيا,student,indexed-pending-nccd,DISCOVERED,no,https://www.nccd.gov.jo/ar/pages/TextBooksGrade/77,Subject list indexed from Minhaji companion — pending NCCD human verification
jo-10-general-s1-geography-teacher_guide,10,general,1,الجغرافيا,teacher_guide,indexed-pending-nccd,DISCOVERED,no,https://www.nccd.gov.jo/ar/pages/TextBooksGrade/77,Subject list indexed from Minhaji companion — pending NCCD human verification
jo-10-general-s2-geography-student,10,general,2,الجغرافيا,student,indexed-pending-nccd,DISCOVERED,no,https://www.nccd.gov.jo/ar/pages/TextBooksGrade/77,Subject list indexed from Minhaji companion — pending NCCD human verification
jo-10-general-s2-geography-teacher_guide,10,general,2,الجغرافيا,teacher_guide,indexed-pending-nccd,DISCOVERED,no,https://www.nccd.gov.jo/ar/pages/TextBooksGrade/77,Subject list indexed from Minhaji companion — pending NCCD human verification
jo-10-general-s1-civic-student,10,general,1,التربية الوطنية والمدنية,student,indexed-pending-nccd,DISCOVERED,no,https://www.nccd.gov.jo/ar/pages/TextBooksGrade/77,Subject list indexed from Minhaji companion — pending NCCD human verification
jo-10-general-s1-civic-teacher_guide,10,general,1,التربية الوطنية والمدنية,teacher_guide,indexed-pending-nccd,DISCOVERED,no,https://www.nccd.gov.jo/ar/pages/TextBooksGrade/77,Subject list indexed from Minhaji companion — pending NCCD human verification
jo-10-general-s2-civic-student,10,general,2,التربية الوطنية والمدنية,student,indexed-pending-nccd,DISCOVERED,no,https://www.nccd.gov.jo/ar/pages/TextBooksGrade/77,Subject list indexed from Minhaji companion — pending NCCD human verification
jo-10-general-s2-civic-teacher_guide,10,general,2,التربية الوطنية والمدنية,teacher_guide,indexed-pending-nccd,DISCOVERED,no,https://www.nccd.gov.jo/ar/pages/TextBooksGrade/77,Subject list indexed from Minhaji companion — pending NCCD human verification
jo-10-general-s1-digital-student,10,general,1,المهارات الرقمية,student,indexed-pending-nccd,DISCOVERED,no,https://www.nccd.gov.jo/ar/pages/TextBooksGrade/77,Subject list indexed from Minhaji companion — pending NCCD human verification
jo-10-general-s1-digital-teacher_guide,10,general,1,المهارات الرقمية,teacher_guide,indexed-pending-nccd,DISCOVERED,no,https://www.nccd.gov.jo/ar/pages/TextBooksGrade/77,Subject list indexed from Minhaji companion — pending NCCD human verification
jo-10-general-s2-digital-student,10,general,2,المهارات الرقمية,student,indexed-pending-nccd,DISCOVERED,no,https://www.nccd.gov.jo/ar/pages/TextBooksGrade/77,Subject list indexed from Minhaji companion — pending NCCD human verification
jo-10-general-s2-digital-teacher_guide,10,general,2,المهارات الرقمية,teacher_guide,indexed-pending-nccd,DISCOVERED,no,https://www.nccd.gov.jo/ar/pages/TextBooksGrade/77,Subject list indexed from Minhaji companion — pending NCCD human verification
jo-10-general-s1-finance-student,10,general,1,الثقافة المالية,student,indexed-pending-nccd,DISCOVERED,no,https://www.nccd.gov.jo/ar/pages/TextBooksGrade/77,Subject list indexed from Minhaji companion — pending NCCD human verification
jo-10-general-s1-finance-teacher_guide,10,general,1,الثقافة المالية,teacher_guide,indexed-pending-nccd,DISCOVERED,no,https://www.nccd.gov.jo/ar/pages/TextBooksGrade/77,Subject list indexed from Minhaji companion — pending NCCD human verification
jo-10-general-s2-finance-student,10,general,2,الثقافة المالية,student,indexed-pending-nccd,DISCOVERED,no,https://www.nccd.gov.jo/ar/pages/TextBooksGrade/77,Subject list indexed from Minhaji companion — pending NCCD human verification
jo-10-general-s2-finance-teacher_guide,10,general,2,الثقافة المالية,teacher_guide,indexed-pending-nccd,DISCOVERED,no,https://www.nccd.gov.jo/ar/pages/TextBooksGrade/77,Subject list indexed from Minhaji companion — pending NCCD human verification
jo-10-general-s1-vocational-student,10,general,1,التربية المهنية,student,indexed-pending-nccd,DISCOVERED,no,https://www.nccd.gov.jo/ar/pages/TextBooksGrade/77,Subject list indexed from Minhaji companion — pending NCCD human verification
jo-10-general-s1-vocational-teacher_guide,10,general,1,التربية المهنية,teacher_guide,indexed-pending-nccd,DISCOVERED,no,https://www.nccd.gov.jo/ar/pages/TextBooksGrade/77,Subject list indexed from Minhaji companion — pending NCCD human verification
jo-10-general-s2-vocational-student,10,general,2,التربية المهنية,student,indexed-pending-nccd,DISCOVERED,no,https://www.nccd.gov.jo/ar/pages/TextBooksGrade/77,Subject list indexed from Minhaji companion — pending NCCD human verification
jo-10-general-s2-vocational-teacher_guide,10,general,2,التربية المهنية,teacher_guide,indexed-pending-nccd,DISCOVERED,no,https://www.nccd.gov.jo/ar/pages/TextBooksGrade/77,Subject list indexed from Minhaji companion — pending NCCD human verification
jo-10-general-s1-arts-student,10,general,1,التربية الفنية والموسيقية والمسرحية,student,indexed-pending-nccd,DISCOVERED,no,https://www.nccd.gov.jo/ar/pages/TextBooksGrade/77,Subject list indexed from Minhaji companion — pending NCCD human verification
jo-10-general-s1-arts-teacher_guide,10,general,1,التربية الفنية والموسيقية والمسرحية,teacher_guide,indexed-pending-nccd,DISCOVERED,no,https://www.nccd.gov.jo/ar/pages/TextBooksGrade/77,Subject list indexed from Minhaji companion — pending NCCD human verification
jo-10-general-s2-arts-student,10,general,2,التربية الفنية والموسيقية والمسرحية,student,indexed-pending-nccd,DISCOVERED,no,https://www.nccd.gov.jo/ar/pages/TextBooksGrade/77,Subject list indexed from Minhaji companion — pending NCCD human verification
jo-10-general-s2-arts-teacher_guide,10,general,2,التربية الفنية والموسيقية والمسرحية,teacher_guide,indexed-pending-nccd,DISCOVERED,no,https://www.nccd.gov.jo/ar/pages/TextBooksGrade/77,Subject list indexed from Minhaji companion — pending NCCD human verification
jo-10-general-s1-pe-student,10,general,1,التربية الرياضية,student,indexed-pending-nccd,DISCOVERED,no,https://www.nccd.gov.jo/ar/pages/TextBooksGrade/77,Subject list indexed from Minhaji companion — pending NCCD human verification
jo-10-general-s1-pe-teacher_guide,10,general,1,التربية الرياضية,teacher_guide,indexed-pending-nccd,DISCOVERED,no,https://www.nccd.gov.jo/ar/pages/TextBooksGrade/77,Subject list indexed from Minhaji companion — pending NCCD human verification
jo-10-general-s2-pe-student,10,general,2,التربية الرياضية,student,indexed-pending-nccd,DISCOVERED,no,https://www.nccd.gov.jo/ar/pages/TextBooksGrade/77,Subject list indexed from Minhaji companion — pending NCCD human verification
jo-10-general-s2-pe-teacher_guide,10,general,2,التربية الرياضية,teacher_guide,indexed-pending-nccd,DISCOVERED,no,https://www.nccd.gov.jo/ar/pages/TextBooksGrade/77,Subject list indexed from Minhaji companion — pending NCCD human verification
jo-11-academic-s1-arabic-student,11,academic,1,اللغة العربية,student,verified,SOURCE_VERIFIED,no,https://www.nccd.gov.jo/ar/pages/TextBooksGrade/117,edition_unverified
jo-11-academic-s1-arabic-activity,11,academic,1,اللغة العربية,activity,verified,SOURCE_VERIFIED,no,https://www.nccd.gov.jo/ar/pages/TextBooksGrade/117,edition_unverified
jo-11-academic-s1-arabic-teacher_guide,11,academic,1,اللغة العربية,teacher_guide,verified,SOURCE_VERIFIED,no,https://www.nccd.gov.jo/ar/pages/TextBooksGrade/117,edition_unverified
jo-11-academic-s2-arabic-student,11,academic,2,اللغة العربية,student,verified,SOURCE_VERIFIED,no,https://www.nccd.gov.jo/ar/pages/TextBooksGrade/117,edition_unverified
jo-11-academic-s2-arabic-activity,11,academic,2,اللغة العربية,activity,verified,SOURCE_VERIFIED,no,https://www.nccd.gov.jo/ar/pages/TextBooksGrade/117,edition_unverified
jo-11-academic-s2-arabic-teacher_guide,11,academic,2,اللغة العربية,teacher_guide,verified,SOURCE_VERIFIED,no,https://www.nccd.gov.jo/ar/pages/TextBooksGrade/117,edition_unverified
jo-11-academic-s1-english-student,11,academic,1,اللغة الإنجليزية,student,verified,SOURCE_VERIFIED,no,https://www.nccd.gov.jo/ar/pages/TextBooksGrade/117,edition_unverified
jo-11-academic-s1-english-activity,11,academic,1,اللغة الإنجليزية,activity,verified,SOURCE_VERIFIED,no,https://www.nccd.gov.jo/ar/pages/TextBooksGrade/117,edition_unverified
jo-11-academic-s1-english-teacher_guide,11,academic,1,اللغة الإنجليزية,teacher_guide,verified,SOURCE_VERIFIED,no,https://www.nccd.gov.jo/ar/pages/TextBooksGrade/117,edition_unverified
jo-11-academic-s2-english-student,11,academic,2,اللغة الإنجليزية,student,verified,SOURCE_VERIFIED,no,https://www.nccd.gov.jo/ar/pages/TextBooksGrade/117,edition_unverified
jo-11-academic-s2-english-activity,11,academic,2,اللغة الإنجليزية,activity,verified,SOURCE_VERIFIED,no,https://www.nccd.gov.jo/ar/pages/TextBooksGrade/117,edition_unverified
jo-11-academic-s2-english-teacher_guide,11,academic,2,اللغة الإنجليزية,teacher_guide,verified,SOURCE_VERIFIED,no,https://www.nccd.gov.jo/ar/pages/TextBooksGrade/117,edition_unverified
jo-11-academic-s1-math-student,11,academic,1,الرياضيات,student,verified,SOURCE_VERIFIED,no,https://www.nccd.gov.jo/ar/pages/TextBooksGrade/117,edition_unverified
jo-11-academic-s1-math-activity,11,academic,1,الرياضيات,activity,verified,SOURCE_VERIFIED,no,https://www.nccd.gov.jo/ar/pages/TextBooksGrade/117,edition_unverified
jo-11-academic-s1-math-teacher_guide,11,academic,1,الرياضيات,teacher_guide,verified,SOURCE_VERIFIED,no,https://www.nccd.gov.jo/ar/pages/TextBooksGrade/117,edition_unverified
jo-11-academic-s2-math-student,11,academic,2,الرياضيات,student,verified,SOURCE_VERIFIED,no,https://www.nccd.gov.jo/ar/pages/TextBooksGrade/117,edition_unverified
jo-11-academic-s2-math-activity,11,academic,2,الرياضيات,activity,verified,SOURCE_VERIFIED,no,https://www.nccd.gov.jo/ar/pages/TextBooksGrade/117,edition_unverified
jo-11-academic-s2-math-teacher_guide,11,academic,2,الرياضيات,teacher_guide,verified,SOURCE_VERIFIED,no,https://www.nccd.gov.jo/ar/pages/TextBooksGrade/117,edition_unverified
jo-11-academic-s1-physics-student,11,academic,1,الفيزياء,student,verified,SOURCE_VERIFIED,no,https://www.nccd.gov.jo/ar/pages/TextBooksGrade/117,edition_unverified
jo-11-academic-s1-physics-teacher_guide,11,academic,1,الفيزياء,teacher_guide,verified,SOURCE_VERIFIED,no,https://www.nccd.gov.jo/ar/pages/TextBooksGrade/117,edition_unverified
jo-11-academic-s2-physics-student,11,academic,2,الفيزياء,student,verified,SOURCE_VERIFIED,no,https://www.nccd.gov.jo/ar/pages/TextBooksGrade/117,edition_unverified
jo-11-academic-s2-physics-teacher_guide,11,academic,2,الفيزياء,teacher_guide,verified,SOURCE_VERIFIED,no,https://www.nccd.gov.jo/ar/pages/TextBooksGrade/117,edition_unverified
jo-11-academic-s1-chemistry-student,11,academic,1,الكيمياء,student,verified,SOURCE_VERIFIED,no,https://www.nccd.gov.jo/ar/pages/TextBooksGrade/117,edition_unverified
jo-11-academic-s1-chemistry-teacher_guide,11,academic,1,الكيمياء,teacher_guide,verified,SOURCE_VERIFIED,no,https://www.nccd.gov.jo/ar/pages/TextBooksGrade/117,edition_unverified
jo-11-academic-s2-chemistry-student,11,academic,2,الكيمياء,student,verified,SOURCE_VERIFIED,no,https://www.nccd.gov.jo/ar/pages/TextBooksGrade/117,edition_unverified
jo-11-academic-s2-chemistry-teacher_guide,11,academic,2,الكيمياء,teacher_guide,verified,SOURCE_VERIFIED,no,https://www.nccd.gov.jo/ar/pages/TextBooksGrade/117,edition_unverified
jo-11-academic-s1-biology-student,11,academic,1,العلوم الحياتية,student,verified,SOURCE_VERIFIED,no,https://www.nccd.gov.jo/ar/pages/TextBooksGrade/117,edition_unverified
jo-11-academic-s1-biology-teacher_guide,11,academic,1,العلوم الحياتية,teacher_guide,verified,SOURCE_VERIFIED,no,https://www.nccd.gov.jo/ar/pages/TextBooksGrade/117,edition_unverified
jo-11-academic-s2-biology-student,11,academic,2,العلوم الحياتية,student,verified,SOURCE_VERIFIED,no,https://www.nccd.gov.jo/ar/pages/TextBooksGrade/117,edition_unverified
jo-11-academic-s2-biology-teacher_guide,11,academic,2,العلوم الحياتية,teacher_guide,verified,SOURCE_VERIFIED,no,https://www.nccd.gov.jo/ar/pages/TextBooksGrade/117,edition_unverified
jo-11-academic-s1-earth-student,11,academic,1,علوم الأرض والبيئة,student,verified,SOURCE_VERIFIED,no,https://www.nccd.gov.jo/ar/pages/TextBooksGrade/117,edition_unverified
jo-11-academic-s1-earth-teacher_guide,11,academic,1,علوم الأرض والبيئة,teacher_guide,verified,SOURCE_VERIFIED,no,https://www.nccd.gov.jo/ar/pages/TextBooksGrade/117,edition_unverified
jo-11-academic-s2-earth-student,11,academic,2,علوم الأرض والبيئة,student,verified,SOURCE_VERIFIED,no,https://www.nccd.gov.jo/ar/pages/TextBooksGrade/117,edition_unverified
jo-11-academic-s2-earth-teacher_guide,11,academic,2,علوم الأرض والبيئة,teacher_guide,verified,SOURCE_VERIFIED,no,https://www.nccd.gov.jo/ar/pages/TextBooksGrade/117,edition_unverified
jo-11-academic-s1-digital-student,11,academic,1,المهارات الرقمية,student,verified,SOURCE_VERIFIED,no,https://www.nccd.gov.jo/ar/pages/TextBooksGrade/117,edition_unverified
jo-11-academic-s1-digital-teacher_guide,11,academic,1,المهارات الرقمية,teacher_guide,verified,SOURCE_VERIFIED,no,https://www.nccd.gov.jo/ar/pages/TextBooksGrade/117,edition_unverified
jo-11-academic-s2-digital-student,11,academic,2,المهارات الرقمية,student,verified,SOURCE_VERIFIED,no,https://www.nccd.gov.jo/ar/pages/TextBooksGrade/117,edition_unverified
jo-11-academic-s2-digital-teacher_guide,11,academic,2,المهارات الرقمية,teacher_guide,verified,SOURCE_VERIFIED,no,https://www.nccd.gov.jo/ar/pages/TextBooksGrade/117,edition_unverified
jo-11-academic-s1-islamic-student,11,academic,1,التربية الإسلامية,student,verified,SOURCE_VERIFIED,no,https://www.nccd.gov.jo/ar/pages/TextBooksGrade/117,edition_unverified
jo-11-academic-s1-islamic-teacher_guide,11,academic,1,التربية الإسلامية,teacher_guide,verified,SOURCE_VERIFIED,no,https://www.nccd.gov.jo/ar/pages/TextBooksGrade/117,edition_unverified
jo-11-academic-s2-islamic-student,11,academic,2,التربية الإسلامية,student,verified,SOURCE_VERIFIED,no,https://www.nccd.gov.jo/ar/pages/TextBooksGrade/117,edition_unverified
jo-11-academic-s2-islamic-teacher_guide,11,academic,2,التربية الإسلامية,teacher_guide,verified,SOURCE_VERIFIED,no,https://www.nccd.gov.jo/ar/pages/TextBooksGrade/117,edition_unverified
jo-11-academic-s1-jordan-history-student,11,academic,1,تاريخ الأردن,student,verified,SOURCE_VERIFIED,no,https://www.nccd.gov.jo/ar/pages/TextBooksGrade/117,edition_unverified
jo-11-academic-s1-jordan-history-teacher_guide,11,academic,1,تاريخ الأردن,teacher_guide,verified,SOURCE_VERIFIED,no,https://www.nccd.gov.jo/ar/pages/TextBooksGrade/117,edition_unverified
jo-11-academic-s2-jordan-history-student,11,academic,2,تاريخ الأردن,student,verified,SOURCE_VERIFIED,no,https://www.nccd.gov.jo/ar/pages/TextBooksGrade/117,edition_unverified
jo-11-academic-s2-jordan-history-teacher_guide,11,academic,2,تاريخ الأردن,teacher_guide,verified,SOURCE_VERIFIED,no,https://www.nccd.gov.jo/ar/pages/TextBooksGrade/117,edition_unverified
jo-11-vocational-vocational-s1-pending-subjects-student,11-vocational,vocational,1,(Subjects pending official discovery),student,not_discovered,NOT_DISCOVERED,no,https://www.nccd.gov.jo/ar/pages/TextBooksGrade/117,OFFICIAL SUBJECT LIST NOT FOUND / PENDING NCCD REVIEW — do not invent subjects
jo-11-vocational-vocational-s2-pending-subjects-student,11-vocational,vocational,2,(Subjects pending official discovery),student,not_discovered,NOT_DISCOVERED,no,https://www.nccd.gov.jo/ar/pages/TextBooksGrade/117,OFFICIAL SUBJECT LIST NOT FOUND / PENDING NCCD REVIEW — do not invent subjects
jo-12-academic-s1-math-student,12,academic,1,الرياضيات,student,indexed-pending-nccd,DISCOVERED,no,https://www.nccd.gov.jo/ar/pages/TextBooksGrade/143,Subject list indexed from Minhaji companion — pending NCCD human verification
jo-12-academic-s1-math-activity,12,academic,1,الرياضيات,activity,indexed-pending-nccd,DISCOVERED,no,https://www.nccd.gov.jo/ar/pages/TextBooksGrade/143,Subject list indexed from Minhaji companion — pending NCCD human verification
jo-12-academic-s1-math-teacher_guide,12,academic,1,الرياضيات,teacher_guide,indexed-pending-nccd,DISCOVERED,no,https://www.nccd.gov.jo/ar/pages/TextBooksGrade/143,Subject list indexed from Minhaji companion — pending NCCD human verification
jo-12-academic-s2-math-student,12,academic,2,الرياضيات,student,indexed-pending-nccd,DISCOVERED,no,https://www.nccd.gov.jo/ar/pages/TextBooksGrade/143,Subject list indexed from Minhaji companion — pending NCCD human verification
jo-12-academic-s2-math-activity,12,academic,2,الرياضيات,activity,indexed-pending-nccd,DISCOVERED,no,https://www.nccd.gov.jo/ar/pages/TextBooksGrade/143,Subject list indexed from Minhaji companion — pending NCCD human verification
jo-12-academic-s2-math-teacher_guide,12,academic,2,الرياضيات,teacher_guide,indexed-pending-nccd,DISCOVERED,no,https://www.nccd.gov.jo/ar/pages/TextBooksGrade/143,Subject list indexed from Minhaji companion — pending NCCD human verification
jo-12-academic-s1-math-business-student,12,academic,1,الرياضيات/الأعمال,student,indexed-pending-nccd,DISCOVERED,no,https://www.nccd.gov.jo/ar/pages/TextBooksGrade/143,Subject list indexed from Minhaji companion — pending NCCD human verification
jo-12-academic-s1-math-business-teacher_guide,12,academic,1,الرياضيات/الأعمال,teacher_guide,indexed-pending-nccd,DISCOVERED,no,https://www.nccd.gov.jo/ar/pages/TextBooksGrade/143,Subject list indexed from Minhaji companion — pending NCCD human verification
jo-12-academic-s2-math-business-student,12,academic,2,الرياضيات/الأعمال,student,indexed-pending-nccd,DISCOVERED,no,https://www.nccd.gov.jo/ar/pages/TextBooksGrade/143,Subject list indexed from Minhaji companion — pending NCCD human verification
jo-12-academic-s2-math-business-teacher_guide,12,academic,2,الرياضيات/الأعمال,teacher_guide,indexed-pending-nccd,DISCOVERED,no,https://www.nccd.gov.jo/ar/pages/TextBooksGrade/143,Subject list indexed from Minhaji companion — pending NCCD human verification
jo-12-academic-s1-physics-student,12,academic,1,الفيزياء,student,indexed-pending-nccd,DISCOVERED,no,https://www.nccd.gov.jo/ar/pages/TextBooksGrade/143,Subject list indexed from Minhaji companion — pending NCCD human verification
jo-12-academic-s1-physics-teacher_guide,12,academic,1,الفيزياء,teacher_guide,indexed-pending-nccd,DISCOVERED,no,https://www.nccd.gov.jo/ar/pages/TextBooksGrade/143,Subject list indexed from Minhaji companion — pending NCCD human verification
jo-12-academic-s2-physics-student,12,academic,2,الفيزياء,student,indexed-pending-nccd,DISCOVERED,no,https://www.nccd.gov.jo/ar/pages/TextBooksGrade/143,Subject list indexed from Minhaji companion — pending NCCD human verification
jo-12-academic-s2-physics-teacher_guide,12,academic,2,الفيزياء,teacher_guide,indexed-pending-nccd,DISCOVERED,no,https://www.nccd.gov.jo/ar/pages/TextBooksGrade/143,Subject list indexed from Minhaji companion — pending NCCD human verification
jo-12-academic-s1-chemistry-student,12,academic,1,الكيمياء,student,indexed-pending-nccd,DISCOVERED,no,https://www.nccd.gov.jo/ar/pages/TextBooksGrade/143,Subject list indexed from Minhaji companion — pending NCCD human verification
jo-12-academic-s1-chemistry-teacher_guide,12,academic,1,الكيمياء,teacher_guide,indexed-pending-nccd,DISCOVERED,no,https://www.nccd.gov.jo/ar/pages/TextBooksGrade/143,Subject list indexed from Minhaji companion — pending NCCD human verification
jo-12-academic-s2-chemistry-student,12,academic,2,الكيمياء,student,indexed-pending-nccd,DISCOVERED,no,https://www.nccd.gov.jo/ar/pages/TextBooksGrade/143,Subject list indexed from Minhaji companion — pending NCCD human verification
jo-12-academic-s2-chemistry-teacher_guide,12,academic,2,الكيمياء,teacher_guide,indexed-pending-nccd,DISCOVERED,no,https://www.nccd.gov.jo/ar/pages/TextBooksGrade/143,Subject list indexed from Minhaji companion — pending NCCD human verification
jo-12-academic-s1-biology-student,12,academic,1,العلوم الحياتية,student,indexed-pending-nccd,DISCOVERED,no,https://www.nccd.gov.jo/ar/pages/TextBooksGrade/143,Subject list indexed from Minhaji companion — pending NCCD human verification
jo-12-academic-s1-biology-teacher_guide,12,academic,1,العلوم الحياتية,teacher_guide,indexed-pending-nccd,DISCOVERED,no,https://www.nccd.gov.jo/ar/pages/TextBooksGrade/143,Subject list indexed from Minhaji companion — pending NCCD human verification
jo-12-academic-s2-biology-student,12,academic,2,العلوم الحياتية,student,indexed-pending-nccd,DISCOVERED,no,https://www.nccd.gov.jo/ar/pages/TextBooksGrade/143,Subject list indexed from Minhaji companion — pending NCCD human verification
jo-12-academic-s2-biology-teacher_guide,12,academic,2,العلوم الحياتية,teacher_guide,indexed-pending-nccd,DISCOVERED,no,https://www.nccd.gov.jo/ar/pages/TextBooksGrade/143,Subject list indexed from Minhaji companion — pending NCCD human verification
jo-12-academic-s1-earth-student,12,academic,1,علوم الأرض والبيئة,student,indexed-pending-nccd,DISCOVERED,no,https://www.nccd.gov.jo/ar/pages/TextBooksGrade/143,Subject list indexed from Minhaji companion — pending NCCD human verification
jo-12-academic-s1-earth-teacher_guide,12,academic,1,علوم الأرض والبيئة,teacher_guide,indexed-pending-nccd,DISCOVERED,no,https://www.nccd.gov.jo/ar/pages/TextBooksGrade/143,Subject list indexed from Minhaji companion — pending NCCD human verification
jo-12-academic-s2-earth-student,12,academic,2,علوم الأرض والبيئة,student,indexed-pending-nccd,DISCOVERED,no,https://www.nccd.gov.jo/ar/pages/TextBooksGrade/143,Subject list indexed from Minhaji companion — pending NCCD human verification
jo-12-academic-s2-earth-teacher_guide,12,academic,2,علوم الأرض والبيئة,teacher_guide,indexed-pending-nccd,DISCOVERED,no,https://www.nccd.gov.jo/ar/pages/TextBooksGrade/143,Subject list indexed from Minhaji companion — pending NCCD human verification
jo-12-academic-s1-arabic-literature-student,12,academic,1,اللغة العربية /الأدب,student,indexed-pending-nccd,DISCOVERED,no,https://www.nccd.gov.jo/ar/pages/TextBooksGrade/143,Subject list indexed from Minhaji companion — pending NCCD human verification
jo-12-academic-s1-arabic-literature-teacher_guide,12,academic,1,اللغة العربية /الأدب,teacher_guide,indexed-pending-nccd,DISCOVERED,no,https://www.nccd.gov.jo/ar/pages/TextBooksGrade/143,Subject list indexed from Minhaji companion — pending NCCD human verification
jo-12-academic-s2-arabic-literature-student,12,academic,2,اللغة العربية /الأدب,student,indexed-pending-nccd,DISCOVERED,no,https://www.nccd.gov.jo/ar/pages/TextBooksGrade/143,Subject list indexed from Minhaji companion — pending NCCD human verification
jo-12-academic-s2-arabic-literature-teacher_guide,12,academic,2,اللغة العربية /الأدب,teacher_guide,indexed-pending-nccd,DISCOVERED,no,https://www.nccd.gov.jo/ar/pages/TextBooksGrade/143,Subject list indexed from Minhaji companion — pending NCCD human verification
jo-12-academic-s1-arabic-grammar-student,12,academic,1,اللغة العربية /النّحو والصّرف وموسيقا الشّعر,student,indexed-pending-nccd,DISCOVERED,no,https://www.nccd.gov.jo/ar/pages/TextBooksGrade/143,Subject list indexed from Minhaji companion — pending NCCD human verification
jo-12-academic-s1-arabic-grammar-teacher_guide,12,academic,1,اللغة العربية /النّحو والصّرف وموسيقا الشّعر,teacher_guide,indexed-pending-nccd,DISCOVERED,no,https://www.nccd.gov.jo/ar/pages/TextBooksGrade/143,Subject list indexed from Minhaji companion — pending NCCD human verification
jo-12-academic-s2-arabic-grammar-student,12,academic,2,اللغة العربية /النّحو والصّرف وموسيقا الشّعر,student,indexed-pending-nccd,DISCOVERED,no,https://www.nccd.gov.jo/ar/pages/TextBooksGrade/143,Subject list indexed from Minhaji companion — pending NCCD human verification
jo-12-academic-s2-arabic-grammar-teacher_guide,12,academic,2,اللغة العربية /النّحو والصّرف وموسيقا الشّعر,teacher_guide,indexed-pending-nccd,DISCOVERED,no,https://www.nccd.gov.jo/ar/pages/TextBooksGrade/143,Subject list indexed from Minhaji companion — pending NCCD human verification
jo-12-academic-s1-english-student,12,academic,1,اللغة الإنجليزية,student,indexed-pending-nccd,DISCOVERED,no,https://www.nccd.gov.jo/ar/pages/TextBooksGrade/143,Subject list indexed from Minhaji companion — pending NCCD human verification
jo-12-academic-s1-english-activity,12,academic,1,اللغة الإنجليزية,activity,indexed-pending-nccd,DISCOVERED,no,https://www.nccd.gov.jo/ar/pages/TextBooksGrade/143,Subject list indexed from Minhaji companion — pending NCCD human verification
jo-12-academic-s1-english-teacher_guide,12,academic,1,اللغة الإنجليزية,teacher_guide,indexed-pending-nccd,DISCOVERED,no,https://www.nccd.gov.jo/ar/pages/TextBooksGrade/143,Subject list indexed from Minhaji companion — pending NCCD human verification
jo-12-academic-s2-english-student,12,academic,2,اللغة الإنجليزية,student,indexed-pending-nccd,DISCOVERED,no,https://www.nccd.gov.jo/ar/pages/TextBooksGrade/143,Subject list indexed from Minhaji companion — pending NCCD human verification
jo-12-academic-s2-english-activity,12,academic,2,اللغة الإنجليزية,activity,indexed-pending-nccd,DISCOVERED,no,https://www.nccd.gov.jo/ar/pages/TextBooksGrade/143,Subject list indexed from Minhaji companion — pending NCCD human verification
jo-12-academic-s2-english-teacher_guide,12,academic,2,اللغة الإنجليزية,teacher_guide,indexed-pending-nccd,DISCOVERED,no,https://www.nccd.gov.jo/ar/pages/TextBooksGrade/143,Subject list indexed from Minhaji companion — pending NCCD human verification
jo-12-academic-s1-islamic-student,12,academic,1,التربية الإسلامية,student,indexed-pending-nccd,DISCOVERED,no,https://www.nccd.gov.jo/ar/pages/TextBooksGrade/143,Subject list indexed from Minhaji companion — pending NCCD human verification
jo-12-academic-s1-islamic-teacher_guide,12,academic,1,التربية الإسلامية,teacher_guide,indexed-pending-nccd,DISCOVERED,no,https://www.nccd.gov.jo/ar/pages/TextBooksGrade/143,Subject list indexed from Minhaji companion — pending NCCD human verification
jo-12-academic-s2-islamic-student,12,academic,2,التربية الإسلامية,student,indexed-pending-nccd,DISCOVERED,no,https://www.nccd.gov.jo/ar/pages/TextBooksGrade/143,Subject list indexed from Minhaji companion — pending NCCD human verification
jo-12-academic-s2-islamic-teacher_guide,12,academic,2,التربية الإسلامية,teacher_guide,indexed-pending-nccd,DISCOVERED,no,https://www.nccd.gov.jo/ar/pages/TextBooksGrade/143,Subject list indexed from Minhaji companion — pending NCCD human verification
jo-12-academic-s1-jordan-history-student,12,academic,1,تاريخ الأردن,student,indexed-pending-nccd,DISCOVERED,no,https://www.nccd.gov.jo/ar/pages/TextBooksGrade/143,Subject list indexed from Minhaji companion — pending NCCD human verification
jo-12-academic-s1-jordan-history-teacher_guide,12,academic,1,تاريخ الأردن,teacher_guide,indexed-pending-nccd,DISCOVERED,no,https://www.nccd.gov.jo/ar/pages/TextBooksGrade/143,Subject list indexed from Minhaji companion — pending NCCD human verification
jo-12-academic-s2-jordan-history-student,12,academic,2,تاريخ الأردن,student,indexed-pending-nccd,DISCOVERED,no,https://www.nccd.gov.jo/ar/pages/TextBooksGrade/143,Subject list indexed from Minhaji companion — pending NCCD human verification
jo-12-academic-s2-jordan-history-teacher_guide,12,academic,2,تاريخ الأردن,teacher_guide,indexed-pending-nccd,DISCOVERED,no,https://www.nccd.gov.jo/ar/pages/TextBooksGrade/143,Subject list indexed from Minhaji companion — pending NCCD human verification
jo-12-academic-s1-philosophy-student,12,academic,1,الفلسفة,student,indexed-pending-nccd,DISCOVERED,no,https://www.nccd.gov.jo/ar/pages/TextBooksGrade/143,Subject list indexed from Minhaji companion — pending NCCD human verification
jo-12-academic-s1-philosophy-teacher_guide,12,academic,1,الفلسفة,teacher_guide,indexed-pending-nccd,DISCOVERED,no,https://www.nccd.gov.jo/ar/pages/TextBooksGrade/143,Subject list indexed from Minhaji companion — pending NCCD human verification
jo-12-academic-s2-philosophy-student,12,academic,2,الفلسفة,student,indexed-pending-nccd,DISCOVERED,no,https://www.nccd.gov.jo/ar/pages/TextBooksGrade/143,Subject list indexed from Minhaji companion — pending NCCD human verification
jo-12-academic-s2-philosophy-teacher_guide,12,academic,2,الفلسفة,teacher_guide,indexed-pending-nccd,DISCOVERED,no,https://www.nccd.gov.jo/ar/pages/TextBooksGrade/143,Subject list indexed from Minhaji companion — pending NCCD human verification
jo-12-academic-s1-psychology-student,12,academic,1,علوم النفس والاجتماع,student,indexed-pending-nccd,DISCOVERED,no,https://www.nccd.gov.jo/ar/pages/TextBooksGrade/143,Subject list indexed from Minhaji companion — pending NCCD human verification
jo-12-academic-s1-psychology-teacher_guide,12,academic,1,علوم النفس والاجتماع,teacher_guide,indexed-pending-nccd,DISCOVERED,no,https://www.nccd.gov.jo/ar/pages/TextBooksGrade/143,Subject list indexed from Minhaji companion — pending NCCD human verification
jo-12-academic-s2-psychology-student,12,academic,2,علوم النفس والاجتماع,student,indexed-pending-nccd,DISCOVERED,no,https://www.nccd.gov.jo/ar/pages/TextBooksGrade/143,Subject list indexed from Minhaji companion — pending NCCD human verification
jo-12-academic-s2-psychology-teacher_guide,12,academic,2,علوم النفس والاجتماع,teacher_guide,indexed-pending-nccd,DISCOVERED,no,https://www.nccd.gov.jo/ar/pages/TextBooksGrade/143,Subject list indexed from Minhaji companion — pending NCCD human verification
jo-12-academic-s1-finance-student,12,academic,1,الثقافة المالية,student,indexed-pending-nccd,DISCOVERED,no,https://www.nccd.gov.jo/ar/pages/TextBooksGrade/143,Subject list indexed from Minhaji companion — pending NCCD human verification
jo-12-academic-s1-finance-teacher_guide,12,academic,1,الثقافة المالية,teacher_guide,indexed-pending-nccd,DISCOVERED,no,https://www.nccd.gov.jo/ar/pages/TextBooksGrade/143,Subject list indexed from Minhaji companion — pending NCCD human verification
jo-12-academic-s2-finance-student,12,academic,2,الثقافة المالية,student,indexed-pending-nccd,DISCOVERED,no,https://www.nccd.gov.jo/ar/pages/TextBooksGrade/143,Subject list indexed from Minhaji companion — pending NCCD human verification
jo-12-academic-s2-finance-teacher_guide,12,academic,2,الثقافة المالية,teacher_guide,indexed-pending-nccd,DISCOVERED,no,https://www.nccd.gov.jo/ar/pages/TextBooksGrade/143,Subject list indexed from Minhaji companion — pending NCCD human verification
jo-12-academic-s1-digital-student,12,academic,1,المهارات الرقمية,student,indexed-pending-nccd,DISCOVERED,no,https://www.nccd.gov.jo/ar/pages/TextBooksGrade/143,Subject list indexed from Minhaji companion — pending NCCD human verification
jo-12-academic-s1-digital-teacher_guide,12,academic,1,المهارات الرقمية,teacher_guide,indexed-pending-nccd,DISCOVERED,no,https://www.nccd.gov.jo/ar/pages/TextBooksGrade/143,Subject list indexed from Minhaji companion — pending NCCD human verification
jo-12-academic-s2-digital-student,12,academic,2,المهارات الرقمية,student,indexed-pending-nccd,DISCOVERED,no,https://www.nccd.gov.jo/ar/pages/TextBooksGrade/143,Subject list indexed from Minhaji companion — pending NCCD human verification
jo-12-academic-s2-digital-teacher_guide,12,academic,2,المهارات الرقمية,teacher_guide,indexed-pending-nccd,DISCOVERED,no,https://www.nccd.gov.jo/ar/pages/TextBooksGrade/143,Subject list indexed from Minhaji companion — pending NCCD human verification
jo-12-vocational-vocational-s1-pending-subjects-student,12-vocational,vocational,1,(Subjects pending official discovery),student,not_discovered,NOT_DISCOVERED,no,https://www.nccd.gov.jo/ar/pages/TextBooksGrade/83,OFFICIAL SUBJECT LIST NOT FOUND / PENDING NCCD REVIEW — do not invent subjects
jo-12-vocational-vocational-s2-pending-subjects-student,12-vocational,vocational,2,(Subjects pending official discovery),student,not_discovered,NOT_DISCOVERED,no,https://www.nccd.gov.jo/ar/pages/TextBooksGrade/83,OFFICIAL SUBJECT LIST NOT FOUND / PENDING NCCD REVIEW — do not invent subjects
